[{"email":"57204340+linmeitianqing@users.noreply.github.com","folders":[{"folderPath":"/src/main/java/org/apache/ibatis/cache/decorators","coverage":0.005911092418767018},{"folderPath":"/src/main/java/org/apache/ibatis/cache","coverage":0.0033356157395296035},{"folderPath":"/src/main/java/org/apache/ibatis","coverage":1.5387946186963425E-4},{"folderPath":"/src/main","coverage":1.5201370353771127E-4},{"folderPath":"/src","coverage":4.218750790301002E-5},{"folderPath":"","coverage":4.1675393186236706E-5}]},{"email":"fzakkak@redhat.com","folders":[{"folderPath":"/src/main/java/org/apache/ibatis/reflection","coverage":8.229165158066711E-5},{"folderPath":"/src/main/java/org/apache/ibatis","coverage":7.4862897847838985E-6},{"folderPath":"/src/main","coverage":7.395519987622898E-6},{"folderPath":"/src","coverage":2.05243705444825E-6},{"folderPath":"","coverage":2.0275224938809298E-6}]},{"email":"linfengit@qq.com","folders":[{"folderPath":"/src/main/java/org/apache/ibatis/session","coverage":0.0038757664042277234},{"folderPath":"/src/main/java/org/apache/ibatis","coverage":1.9372185595430401E-4},{"folderPath":"/src/main","coverage":1.9137301639877882E-4},{"folderPath":"/src","coverage":5.311067656307365E-5},{"folderPath":"","coverage":5.246596535737105E-5}]},{"email":"harawata@gmail.com","folders":[{"folderPath":"/src/main/java/org/apache/ibatis/executor/resultset","coverage":0.2536223673615191},{"folderPath":"/src/main/java/org/apache/ibatis/builder/annotation","coverage":0.2205010704774632},{"folderPath":"/src/main/java/org/apache/ibatis/builder/xml","coverage":0.2016673245329307},{"folderPath":"/src/main/java/org/apache/ibatis/builder","coverage":0.1920078386514362},{"folderPath":"/src/main/java/org/apache/ibatis/io","coverage":0.14207675502020312},{"folderPath":"/src/main/java/org/apache/ibatis/session","coverage":0.13456424169196182},{"folderPath":"/src/main/java/org/apache/ibatis/annotations","coverage":0.0970285064706648},{"folderPath":"/src/main/java/org/apache/ibatis/mapping","coverage":0.07743985688539759},{"folderPath":"/src/main/java/org/apache/ibatis/datasource/pooled","coverage":0.050017868975846924},{"folderPath":"/src/main","coverage":0.04962005852019167},{"folderPath":"/src/main/java/org/apache/ibatis","coverage":0.04576037918695758},{"folderPath":"/src/main/java/org/apache/ibatis/executor","coverage":0.03323327218580176},{"folderPath":"/src/main/java/org/apache/ibatis/executor/loader","coverage":0.029059044662254768},{"folderPath":"/src","coverage":0.026351214458114853},{"folderPath":"","coverage":0.02620970452875671},{"folderPath":"/src/main/java/org/apache/ibatis/reflection","coverage":0.025024841269454395},{"folderPath":"/src/test/java/org/apache/ibatis/submitted","coverage":0.02127026684256481},{"folderPath":"/src/main/java/org/apache/ibatis/cache/decorators","coverage":0.02060653727420875},{"folderPath":"/src/main/java/org/apache/ibatis/datasource","coverage":0.019944934138238484},{"folderPath":"/src/test/java/org/apache/ibatis","coverage":0.01784707163081286},{"folderPath":"/src/test","coverage":0.01754856216086872},{"folderPath":"/src/main/java/org/apache/ibatis/jdbc","coverage":0.0171313214900035},{"folderPath":"/src/main/java/org/apache/ibatis/cache","coverage":0.011628221181388931},{"folderPath":"/src/main/java/org/apache/ibatis/binding","coverage":0.009592866989558232},{"folderPath":"/src/test/java/org/apache/ibatis/reflection","coverage":0.008701073906574663},{"folderPath":"/src/test/java/org/apache/ibatis/type","coverage":0.005358738171058428},{"folderPath":"/src/main/java/org/apache/ibatis/scripting/xmltags","coverage":0.005204121096124824},{"folderPath":"/src/test/java/org/apache/ibatis/builder","coverage":0.004605061067931065},{"folderPath":"/src/main/java/org/apache/ibatis/scripting","coverage":0.00371158283509262},{"folderPath":"/src/main/java/org/apache/ibatis/type","coverage":0.0017804225432145964},{"folderPath":"/src/test/java/org/apache/ibatis/executor","coverage":7.037135804880594E-4},{"folderPath":"/src/test/java/org/apache/ibatis/jdbc","coverage":5.026357044559843E-4}]},{"email":"q8liang@uwaterloo.ca","folders":[{"folderPath":"/src/test/java/org/apache/ibatis/type","coverage":6.012423691524785E-4},{"folderPath":"/src/test/java/org/apache/ibatis","coverage":3.393171055027819E-5},{"folderPath":"/src/test","coverage":2.8716882636425605E-5},{"folderPath":"/src","coverage":2.0586927905146887E-5},{"folderPath":"","coverage":2.0337022914844655E-5}]},{"email":"imyong0@gmail.com","folders":[{"folderPath":"/src/main/java/org/apache/ibatis/executor/resultset","coverage":0.0706035815932022},{"folderPath":"/src/main/java/org/apache/ibatis/executor","coverage":0.0063319298013598665},{"folderPath":"/src/test/java/org/apache/ibatis","coverage":0.0024139365254371038},{"folderPath":"/src/test","coverage":0.0020429483444414794},{"folderPath":"/src","coverage":0.0016971167173372623},{"folderPath":"","coverage":0.001676515395044688},{"folderPath":"/src/test/java/org/apache/ibatis/submitted","coverage":0.0012503702312118268},{"folderPath":"/src/main/java/org/apache/ibatis","coverage":8.481985771926062E-4},{"folderPath":"/src/main","coverage":8.379143355966547E-4}]},{"email":"2228592280@qq.com","folders":[{"folderPath":"/src/main/java/org/apache/ibatis","coverage":1.6285051997445667E-5},{"folderPath":"/src/main","coverage":1.6087598932034153E-5},{"folderPath":"/src","coverage":4.464700821641892E-6},{"folderPath":"","coverage":4.41050375927904E-6}]},{"email":"tianshuang.me@gmail.com","folders":[{"folderPath":"/src/main/java/org/apache/ibatis/session","coverage":0.04553674466004682},{"folderPath":"/src/main/java/org/apache/ibatis","coverage":0.002276056338183585},{"folderPath":"/src/main","coverage":0.0022484596009368055},{"folderPath":"/src","coverage":6.240023430557912E-4},{"folderPath":"","coverage":6.164275703549579E-4}]},{"email":"kazuki43zoo@gmail.com","folders":[{"folderPath":"/src/test/java/org/apache/ibatis/session","coverage":0.006034169685685696},{"folderPath":"/src/main/java/org/apache/ibatis/scripting/xmltags","coverage":0.002802849992400424},{"folderPath":"/src/main/java/org/apache/ibatis/scripting","coverage":0.0019989945908213684},{"folderPath":"/src/main/java/org/apache/ibatis/logging","coverage":0.0019451436326786483},{"folderPath":"/src/main/java/org/apache/ibatis/builder/xml","coverage":0.001777138093153114},{"folderPath":"/src/main/java/org/apache/ibatis/session","coverage":7.979435844540331E-4},{"folderPath":"/src/test/java/org/apache/ibatis/builder","coverage":6.762598883562862E-4},{"folderPath":"/src/main/java/org/apache/ibatis/builder","coverage":5.211694184875526E-4},{"folderPath":"/src/main","coverage":4.357810055484309E-4},{"folderPath":"/src/main/java/org/apache/ibatis","coverage":3.534090238550092E-4},{"folderPath":"/src","coverage":1.9354705519264816E-4},{"folderPath":"","coverage":1.911975849281289E-4},{"folderPath":"/src/test","coverage":1.0128041340457378E-4},{"folderPath":"/src/test/java/org/apache/ibatis","coverage":9.903266816074757E-5},{"folderPath":"/src/test/java/org/apache/ibatis/submitted","coverage":5.5308587024606855E-5}]},{"email":"edwin.wu05@gmail.com","folders":[{"folderPath":"/src/main/java/org/apache/ibatis/datasource/pooled","coverage":0.11390919147375067},{"folderPath":"/src/main/java/org/apache/ibatis/datasource","coverage":0.045421993543568094},{"folderPath":"/src/main/java/org/apache/ibatis","coverage":0.0015850689952811394},{"folderPath":"/src/main","coverage":0.0015658503442104459},{"folderPath":"/src","coverage":4.345616364443175E-4},{"folderPath":"","coverage":4.2928648698823047E-4}]},{"email":"29139614+renovate[bot]@users.noreply.github.com","folders":[{"folderPath":"","coverage":3.869475482536198E-4}]},{"email":"williescholtz@gmail.com","folders":[{"folderPath":"/src/main/java/org/apache/ibatis/builder/xml","coverage":0.21428586904305125},{"folderPath":"/src/test/java/org/apache/ibatis/builder","coverage":0.08213089151880734},{"folderPath":"/src/main/java/org/apache/ibatis/builder","coverage":0.06284218552826037},{"folderPath":"/src/main/java/org/apache/ibatis","coverage":0.0043892476715345794},{"folderPath":"/src/main","coverage":0.004336028903321202},{"folderPath":"/src","coverage":0.002349094522022578},{"folderPath":"","coverage":0.002320578832530203},{"folderPath":"/src/test/java/org/apache/ibatis","coverage":0.0018884287101561923},{"folderPath":"/src/test","coverage":0.0015982037084884702}]},{"email":"49699333+dependabot[bot]@users.noreply.github.com","folders":[{"folderPath":"","coverage":8.967245018766958E-4}]},{"email":"wangqiang32@lenovo.com","folders":[{"folderPath":"/src/test/java/org/apache/ibatis/submitted","coverage":8.155882350100202E-5},{"folderPath":"/src/test/java/org/apache/ibatis","coverage":6.223470118449609E-5},{"folderPath":"/src/test","coverage":5.267010064759435E-5},{"folderPath":"/src","coverage":3.77588186892357E-5},{"folderPath":"","coverage":3.730046388944073E-5}]},{"email":"30334421+fudeveloper@users.noreply.github.com","folders":[{"folderPath":"/src/main/java/org/apache/ibatis/binding","coverage":0.007927401733575435},{"folderPath":"/src/main/java/org/apache/ibatis","coverage":1.1340466912615444E-4},{"folderPath":"/src/main","coverage":1.1202965972769199E-4},{"folderPath":"/src","coverage":3.1090961177464174E-5},{"folderPath":"","coverage":3.0713547588251634E-5}]},{"email":"youhao.ren@inzymeits.com","folders":[{"folderPath":"/src/main/java/org/apache/ibatis/session","coverage":0.0065475903248844915},{"folderPath":"/src/main/java/org/apache/ibatis","coverage":3.272672337480073E-4},{"folderPath":"/src/main","coverage":3.2329918264676266E-4},{"folderPath":"/src","coverage":8.97234032559663E-5},{"folderPath":"","coverage":8.863424967638051E-5}]},{"email":"49826892+irvingos@users.noreply.github.com","folders":[{"folderPath":"/src/main/java/org/apache/ibatis/binding","coverage":0.04696879331066625},{"folderPath":"/src/main/java/org/apache/ibatis","coverage":6.719074727966992E-4},{"folderPath":"/src/main","coverage":6.637607263081143E-4},{"folderPath":"/src","coverage":1.8420978000765873E-4},{"folderPath":"","coverage":1.8197365505018604E-4}]},{"email":"wqdyxnbd@163.com","folders":[{"folderPath":"/src/main/java/org/apache/ibatis/io","coverage":0.00884838679321571},{"folderPath":"/src/main/java/org/apache/ibatis/datasource/pooled","coverage":0.00848989979272145},{"folderPath":"/src/test/java/org/apache/ibatis/reflection","coverage":0.008315820307735448},{"folderPath":"/src/main/java/org/apache/ibatis/jdbc","coverage":0.00689697470819583},{"folderPath":"/src/main/java/org/apache/ibatis/cache/decorators","coverage":0.006230595750145779},{"folderPath":"/src/main/java/org/apache/ibatis/scripting/xmltags","coverage":0.004543460079957874},{"folderPath":"/src/main/java/org/apache/ibatis/mapping","coverage":0.003757414313545029},{"folderPath":"/src/main/java/org/apache/ibatis/cache","coverage":0.0035159107282520838},{"folderPath":"/src/main/java/org/apache/ibatis/datasource","coverage":0.0033853999715150137},{"folderPath":"/src/main/java/org/apache/ibatis/scripting","coverage":0.003240398932541616},{"folderPath":"/src/main/java/org/apache/ibatis/session","coverage":0.003150116153367256},{"folderPath":"/src/main/java/org/apache/ibatis","coverage":0.0019289580278896738},{"folderPath":"/src/main","coverage":0.001905569789662574},{"folderPath":"/src/test/java/org/apache/ibatis/type","coverage":0.0018235516793580443},{"folderPath":"/src/main/java/org/apache/ibatis/executor","coverage":0.0016953269644121856},{"folderPath":"/src/main/java/org/apache/ibatis/type","coverage":0.0016223671502755724},{"folderPath":"/src","coverage":7.212332985748165E-4},{"folderPath":"","coverage":7.124782380181161E-4},{"folderPath":"/src/test/java/org/apache/ibatis","coverage":3.171023745227979E-4},{"folderPath":"/src/test","coverage":2.6836818790523386E-4},{"folderPath":"/src/test/java/org/apache/ibatis/submitted","coverage":1.3393235230777927E-4}]},{"email":"jeremylandis@hotmail.com","folders":[{"folderPath":"/src/test/java/org/apache/ibatis/submitted/sqlprovider","coverage":1.0},{"folderPath":"/src/test/java/org/apache/ibatis/domain","coverage":1.0},{"folderPath":"/src/test/java/org/apache/ibatis/binding","coverage":1.0},{"folderPath":"/src/test/java/org/apache/ibatis/submitted/heavy_initial_load","coverage":1.0},{"folderPath":"/src/test/java/org/apache/ibatis/submitted/xml_external_ref","coverage":1.0},{"folderPath":"/src/test/java/org/apache/ibatis/submitted/repeatable","coverage":1.0},{"folderPath":"/src/test/java/org/apache/ibatis/submitted/sptests","coverage":1.0},{"folderPath":"/src/test/java/org/apache/ibatis/submitted/keygen","coverage":1.0},{"folderPath":"/src/test/java/org/apache/ibatis/domain/blog","coverage":1.0},{"folderPath":"/src/main/java/org/apache/ibatis/parsing","coverage":1.0},{"folderPath":"/src/test/java/org/apache/ibatis/submitted/cursor_simple","coverage":1.0},{"folderPath":"/src/test/java/org/apache/ibatis/domain/jpetstore","coverage":1.0},{"folderPath":"/src/main/java/org/apache/ibatis/executor/statement","coverage":1.0},{"folderPath":"/src/test/java/org/apache/ibatis/cache","coverage":1.0},{"folderPath":"/src/test/java/org/apache/ibatis/submitted/cache","coverage":1.0},{"folderPath":"/src/test/java/org/apache/ibatis/submitted/language","coverage":1.0},{"folderPath":"/src/site","coverage":1.0},{"folderPath":"/src/test/java/org/apache/ibatis/jdbc","coverage":0.999497364295544},{"folderPath":"/src/test/java/org/apache/ibatis/executor","coverage":0.9992962864195121},{"folderPath":"/src/main/java/org/apache/ibatis/logging","coverage":0.9980548563673214},{"folderPath":"/src/main/java/org/apache/ibatis/type","coverage":0.9960354126304728},{"folderPath":"/src/test/java/org/apache/ibatis/session","coverage":0.9939658303143143},{"folderPath":"/src/test/java/org/apache/ibatis/type","coverage":0.9921509572509275},{"folderPath":"/src/main/java/org/apache/ibatis/scripting","coverage":0.9910490236415445},{"folderPath":"/src/main/java/org/apache/ibatis/scripting/xmltags","coverage":0.9874495688315169},{"folderPath":"/src/test/java/org/apache/ibatis/reflection","coverage":0.9829831057856898},{"folderPath":"/src/main/java/org/apache/ibatis/cache","coverage":0.9813224233199431},{"folderPath":"/src/test","coverage":0.9780800846302067},{"folderPath":"/src/test/java/org/apache/ibatis","coverage":0.9770625933411035},{"folderPath":"/src/test/java/org/apache/ibatis/submitted","coverage":0.976858979743337},{"folderPath":"/src/main/java/org/apache/ibatis/jdbc","coverage":0.9759717038018008},{"folderPath":"/src/main/java/org/apache/ibatis/reflection","coverage":0.9732199156111233},{"folderPath":"/src/main/java/org/apache/ibatis/executor/loader","coverage":0.9709409553377453},{"folderPath":"/src/main/java/org/apache/ibatis/cache/decorators","coverage":0.9669011988982898},{"folderPath":"/src","coverage":0.96678106013909},{"folderPath":"","coverage":0.9656511412952336},{"folderPath":"/src/main/java/org/apache/ibatis/executor","coverage":0.9586666387349124},{"folderPath":"/src/main/java/org/apache/ibatis","coverage":0.9411094239466988},{"folderPath":"/src/main","coverage":0.9369255069047493},{"folderPath":"/src/main/java/org/apache/ibatis/binding","coverage":0.9355109379662001},{"folderPath":"/src/main/java/org/apache/ibatis/datasource","coverage":0.9309942606611212},{"folderPath":"/src/main/java/org/apache/ibatis/mapping","coverage":0.9188027288010574},{"folderPath":"/src/test/java/org/apache/ibatis/builder","coverage":0.9123609246673966},{"folderPath":"/src/main/java/org/apache/ibatis/annotations","coverage":0.9029714935293353},{"folderPath":"/src/main/java/org/apache/ibatis/io","coverage":0.8488207444481766},{"folderPath":"/src/main/java/org/apache/ibatis/datasource/pooled","coverage":0.8269475344009174},{"folderPath":"/src/main/java/org/apache/ibatis/session","coverage":0.8055275971810578},{"folderPath":"/src/main/java/org/apache/ibatis/builder/annotation","coverage":0.7794989295225369},{"folderPath":"/src/main/java/org/apache/ibatis/builder","coverage":0.744628806401816},{"folderPath":"/src/main/java/org/apache/ibatis/executor/resultset","coverage":0.6749619412539337},{"folderPath":"/src/main/java/org/apache/ibatis/builder/xml","coverage":0.5822696683308649}]},{"email":"1733794124@qq.com","folders":[{"folderPath":"/src/main/java/org/apache/ibatis/reflection","coverage":3.362575092849228E-4},{"folderPath":"/src/main/java/org/apache/ibatis","coverage":3.0590237386947675E-5},{"folderPath":"/src/main","coverage":3.0219336750912484E-5},{"folderPath":"/src","coverage":8.386602512362131E-6},{"folderPath":"","coverage":8.284797433470465E-6}]},{"email":"50945741+mrsun002@users.noreply.github.com","folders":[{"folderPath":"/src/main/java/org/apache/ibatis/type","coverage":4.7956728648108004E-4},{"folderPath":"/src/main/java/org/apache/ibatis","coverage":6.732203500067754E-5},{"folderPath":"/src/main","coverage":6.650576851391963E-5},{"folderPath":"/src","coverage":1.845697176952671E-5},{"folderPath":"","coverage":1.8232922344944084E-5}]},{"email":"1178981326@qq.com","folders":[{"folderPath":"/src/main/java/org/apache/ibatis/executor/resultset","coverage":8.121097913449607E-4},{"folderPath":"/src/main/java/org/apache/ibatis/datasource/pooled","coverage":6.355053567634859E-4},{"folderPath":"/src/main/java/org/apache/ibatis/cache/decorators","coverage":3.50575658588557E-4},{"folderPath":"/src/main/java/org/apache/ibatis/io","coverage":2.541137384046746E-4},{"folderPath":"/src/main/java/org/apache/ibatis/datasource","coverage":2.5341168555713855E-4},{"folderPath":"/src/test/java/org/apache/ibatis/builder","coverage":2.2686285750873856E-4},{"folderPath":"/src/main/java/org/apache/ibatis/cache","coverage":1.9782903088628532E-4},{"folderPath":"/src/main/java/org/apache/ibatis/type","coverage":8.223038955597877E-5},{"folderPath":"/src/main/java/org/apache/ibatis/executor","coverage":7.283231351380053E-5},{"folderPath":"/src/test/java/org/apache/ibatis/type","coverage":6.551052950360093E-5},{"folderPath":"/src/main/java/org/apache/ibatis","coverage":4.579133037077752E-5},{"folderPath":"/src/main","coverage":4.523611946003559E-5},{"folderPath":"/src","coverage":1.7962026627527218E-5},{"folderPath":"","coverage":1.7743985348573774E-5},{"folderPath":"/src/test/java/org/apache/ibatis","coverage":8.913390512275184E-6},{"folderPath":"/src/test","coverage":7.543527428549793E-6}]},{"email":"b88zhou@gmail.com","folders":[{"folderPath":"/src/main/java/org/apache/ibatis/reflection","coverage":0.0013366939585565864},{"folderPath":"/src/test/java/org/apache/ibatis/submitted","coverage":3.495834200529906E-4},{"folderPath":"/src/test","coverage":2.71622043972273E-4},{"folderPath":"/src/test/java/org/apache/ibatis","coverage":2.6675494755984007E-4},{"folderPath":"/src","coverage":2.2806240169190753E-4},{"folderPath":"","coverage":2.2529394917943378E-4},{"folderPath":"/src/main/java/org/apache/ibatis","coverage":1.2160259437149826E-4},{"folderPath":"/src/main","coverage":1.2012818673531685E-4}]},{"email":"mavegaart@nld0137.phoenix.loc","folders":[{"folderPath":"/src/main","coverage":3.9678177678381E-4},{"folderPath":"/src","coverage":1.1011661418856694E-4},{"folderPath":"","coverage":1.0877990715157243E-4}]},{"email":"awxiaoxian2020@163.com","folders":[{"folderPath":"","coverage":7.112413264126991E-5}]}]