[{"path":"","info":[{"busFactor":1,"significanceIndicator":"jetbrains","developers":[{"id":2,"name":"","email":"jeremylandis@hotmail.com","numberOfAuthoredFiles":0,"authorshipCoverage":0.0,"numberOfDOAFiles":1419,"doaAuthorshipCoverage":0.9847328244274809}],"totalFiles":1926,"coverage":0.018043025676613422},{"busFactor":1,"significanceIndicator":"pageRank","developers":[{"id":2,"name":"","email":"jeremylandis@hotmail.com","numberOfAuthoredFiles":0,"authorshipCoverage":0.0,"numberOfDOAFiles":1419,"doaAuthorshipCoverage":0.9629313368045107}],"totalFiles":1926,"coverage":0.04038253954042681},{"busFactor":1,"significanceIndicator":"degreeCentrality","developers":[{"id":2,"name":"","email":"jeremylandis@hotmail.com","numberOfAuthoredFiles":0,"authorshipCoverage":0.0,"numberOfDOAFiles":1419,"doaAuthorshipCoverage":0.9198941072654198}],"totalFiles":1926,"coverage":0.0834395528973415},{"busFactor":1,"significanceIndicator":"inDegreeCentrality","developers":[{"id":2,"name":"","email":"jeremylandis@hotmail.com","numberOfAuthoredFiles":0,"authorshipCoverage":0.0,"numberOfDOAFiles":1419,"doaAuthorshipCoverage":0.910853487907266}],"totalFiles":1926,"coverage":0.09134519288425924},{"busFactor":1,"significanceIndicator":"outDegreeCentrality","developers":[{"id":2,"name":"","email":"jeremylandis@hotmail.com","numberOfAuthoredFiles":0,"authorshipCoverage":0.0,"numberOfDOAFiles":1419,"doaAuthorshipCoverage":0.9285989222478841}],"totalFiles":1926,"coverage":0.07582755966127697},{"busFactor":1,"significanceIndicator":"betweennessCentrality","developers":[{"id":2,"name":"","email":"jeremylandis@hotmail.com","numberOfAuthoredFiles":0,"authorshipCoverage":0.0,"numberOfDOAFiles":1419,"doaAuthorshipCoverage":0.5853275991265331}],"totalFiles":1926,"coverage":0.4178300380395107}]},{"path":"/src","info":[{"busFactor":1,"significanceIndicator":"jetbrains","developers":[{"id":2,"name":"","email":"jeremylandis@hotmail.com","numberOfAuthoredFiles":0,"authorshipCoverage":0.0,"numberOfDOAFiles":1403,"doaAuthorshipCoverage":0.985252808988764}],"totalFiles":1857,"coverage":0.0175561797752809},{"busFactor":1,"significanceIndicator":"pageRank","developers":[{"id":2,"name":"","email":"jeremylandis@hotmail.com","numberOfAuthoredFiles":0,"authorshipCoverage":0.0,"numberOfDOAFiles":1403,"doaAuthorshipCoverage":0.962897541314116}],"totalFiles":1857,"coverage":0.040419356291005126},{"busFactor":1,"significanceIndicator":"degreeCentrality","developers":[{"id":2,"name":"","email":"jeremylandis@hotmail.com","numberOfAuthoredFiles":0,"authorshipCoverage":0.0,"numberOfDOAFiles":1403,"doaAuthorshipCoverage":0.9198783956065525}],"totalFiles":1857,"coverage":0.08345591840737343},{"busFactor":1,"significanceIndicator":"inDegreeCentrality","developers":[{"id":2,"name":"","email":"jeremylandis@hotmail.com","numberOfAuthoredFiles":0,"authorshipCoverage":0.0,"numberOfDOAFiles":1403,"doaAuthorshipCoverage":0.9108356657337167}],"totalFiles":1857,"coverage":0.09136345461814266},{"busFactor":1,"significanceIndicator":"outDegreeCentrality","developers":[{"id":2,"name":"","email":"jeremylandis@hotmail.com","numberOfAuthoredFiles":0,"authorshipCoverage":0.0,"numberOfDOAFiles":1403,"doaAuthorshipCoverage":0.928585178055824}],"totalFiles":1857,"coverage":0.07584215591915211},{"busFactor":1,"significanceIndicator":"betweennessCentrality","developers":[{"id":2,"name":"","email":"jeremylandis@hotmail.com","numberOfAuthoredFiles":0,"authorshipCoverage":0.0,"numberOfDOAFiles":1403,"doaAuthorshipCoverage":0.5853275991265331}],"totalFiles":1857,"coverage":0.4178300380395107}]},{"path":"/src/test/java/org/apache/ibatis","info":[{"busFactor":1,"significanceIndicator":"jetbrains","developers":[{"id":2,"name":"","email":"jeremylandis@hotmail.com","numberOfAuthoredFiles":0,"authorshipCoverage":0.0,"numberOfDOAFiles":862,"doaAuthorshipCoverage":0.9919447640966629}],"totalFiles":869,"coverage":0.011507479861910253},{"busFactor":1,"significanceIndicator":"pageRank","developers":[{"id":2,"name":"","email":"jeremylandis@hotmail.com","numberOfAuthoredFiles":0,"authorshipCoverage":0.0,"numberOfDOAFiles":862,"doaAuthorshipCoverage":0.9945338750690593}],"totalFiles":869,"coverage":0.007784456956813068},{"busFactor":1,"significanceIndicator":"degreeCentrality","developers":[{"id":2,"name":"","email":"jeremylandis@hotmail.com","numberOfAuthoredFiles":0,"authorshipCoverage":0.0,"numberOfDOAFiles":862,"doaAuthorshipCoverage":0.9821500200561588}],"totalFiles":869,"coverage":0.021861211391895896},{"busFactor":1,"significanceIndicator":"inDegreeCentrality","developers":[{"id":2,"name":"","email":"jeremylandis@hotmail.com","numberOfAuthoredFiles":0,"authorshipCoverage":0.0,"numberOfDOAFiles":862,"doaAuthorshipCoverage":0.9957555178268241}],"totalFiles":869,"coverage":0.0059422750424457105},{"busFactor":1,"significanceIndicator":"outDegreeCentrality","developers":[{"id":2,"name":"","email":"jeremylandis@hotmail.com","numberOfAuthoredFiles":0,"authorshipCoverage":0.0,"numberOfDOAFiles":862,"doaAuthorshipCoverage":0.9779411764705896}],"totalFiles":869,"coverage":0.02678571428571308},{"busFactor":1,"significanceIndicator":"betweennessCentrality","developers":[{"id":2,"name":"","email":"jeremylandis@hotmail.com","numberOfAuthoredFiles":0,"authorshipCoverage":0.0,"numberOfDOAFiles":862,"doaAuthorshipCoverage":0.9992880363732473}],"totalFiles":869,"coverage":0.0011411615577743284}]},{"path":"/src/test","info":[{"busFactor":1,"significanceIndicator":"jetbrains","developers":[{"id":2,"name":"","email":"jeremylandis@hotmail.com","numberOfAuthoredFiles":0,"authorshipCoverage":0.0,"numberOfDOAFiles":1020,"doaAuthorshipCoverage":0.9922178988326849}],"totalFiles":1407,"coverage":0.010700389105058328},{"busFactor":1,"significanceIndicator":"pageRank","developers":[{"id":2,"name":"","email":"jeremylandis@hotmail.com","numberOfAuthoredFiles":0,"authorshipCoverage":0.0,"numberOfDOAFiles":1020,"doaAuthorshipCoverage":0.994462031045812}],"totalFiles":1407,"coverage":0.007596203322725592},{"busFactor":1,"significanceIndicator":"degreeCentrality","developers":[{"id":2,"name":"","email":"jeremylandis@hotmail.com","numberOfAuthoredFiles":0,"authorshipCoverage":0.0,"numberOfDOAFiles":1020,"doaAuthorshipCoverage":0.9825750242013556}],"totalFiles":1407,"coverage":0.02129719264278762},{"busFactor":1,"significanceIndicator":"inDegreeCentrality","developers":[{"id":2,"name":"","email":"jeremylandis@hotmail.com","numberOfAuthoredFiles":0,"authorshipCoverage":0.0,"numberOfDOAFiles":1020,"doaAuthorshipCoverage":0.9955784819454668}],"totalFiles":1407,"coverage":0.005895357406043966},{"busFactor":1,"significanceIndicator":"outDegreeCentrality","developers":[{"id":2,"name":"","email":"jeremylandis@hotmail.com","numberOfAuthoredFiles":0,"authorshipCoverage":0.0,"numberOfDOAFiles":1020,"doaAuthorshipCoverage":0.9779411764705896}],"totalFiles":1407,"coverage":0.02678571428571308},{"busFactor":1,"significanceIndicator":"betweennessCentrality","developers":[{"id":2,"name":"","email":"jeremylandis@hotmail.com","numberOfAuthoredFiles":0,"authorshipCoverage":0.0,"numberOfDOAFiles":1020,"doaAuthorshipCoverage":0.9992880363732473}],"totalFiles":1407,"coverage":0.0011411615577743284}]},{"path":"/src/test/java/org/apache/ibatis/submitted","info":[{"busFactor":1,"significanceIndicator":"jetbrains","developers":[{"id":2,"name":"","email":"jeremylandis@hotmail.com","numberOfAuthoredFiles":0,"authorshipCoverage":0.0,"numberOfDOAFiles":658,"doaAuthorshipCoverage":0.9909638554216867}],"totalFiles":664,"coverage":0.012048192771084376},{"busFactor":1,"significanceIndicator":"pageRank","developers":[{"id":2,"name":"","email":"jeremylandis@hotmail.com","numberOfAuthoredFiles":0,"authorshipCoverage":0.0,"numberOfDOAFiles":658,"doaAuthorshipCoverage":0.9940533590881351}],"totalFiles":664,"coverage":0.007811692040741169},{"busFactor":1,"significanceIndicator":"degreeCentrality","developers":[{"id":2,"name":"","email":"jeremylandis@hotmail.com","numberOfAuthoredFiles":0,"authorshipCoverage":0.0,"numberOfDOAFiles":658,"doaAuthorshipCoverage":0.9876441515650739}],"totalFiles":664,"coverage":0.01729818780889658},{"busFactor":1,"significanceIndicator":"inDegreeCentrality","developers":[{"id":2,"name":"","email":"jeremylandis@hotmail.com","numberOfAuthoredFiles":0,"authorshipCoverage":0.0,"numberOfDOAFiles":658,"doaAuthorshipCoverage":0.9936628643852973}],"totalFiles":664,"coverage":0.007604562737643317},{"busFactor":1,"significanceIndicator":"outDegreeCentrality","developers":[{"id":2,"name":"","email":"jeremylandis@hotmail.com","numberOfAuthoredFiles":0,"authorshipCoverage":0.0,"numberOfDOAFiles":658,"doaAuthorshipCoverage":0.9859796705222564}],"totalFiles":664,"coverage":0.01997896950578426},{"busFactor":1,"significanceIndicator":"betweennessCentrality","developers":[{"id":2,"name":"","email":"jeremylandis@hotmail.com","numberOfAuthoredFiles":0,"authorshipCoverage":0.0,"numberOfDOAFiles":658,"doaAuthorshipCoverage":0.9984281349790742}],"totalFiles":664,"coverage":0.0022407437532345753}]},{"path":"/src/main/java/org/apache/ibatis","info":[{"busFactor":1,"significanceIndicator":"jetbrains","developers":[{"id":2,"name":"","email":"jeremylandis@hotmail.com","numberOfAuthoredFiles":0,"authorshipCoverage":0.0,"numberOfDOAFiles":374,"doaAuthorshipCoverage":0.9689119170984456}],"totalFiles":386,"coverage":0.033678756476683946},{"busFactor":1,"significanceIndicator":"pageRank","developers":[{"id":2,"name":"","email":"jeremylandis@hotmail.com","numberOfAuthoredFiles":0,"authorshipCoverage":0.0,"numberOfDOAFiles":374,"doaAuthorshipCoverage":0.9320925564978692}],"totalFiles":386,"coverage":0.07249065058960147},{"busFactor":1,"significanceIndicator":"degreeCentrality","developers":[{"id":2,"name":"","email":"jeremylandis@hotmail.com","numberOfAuthoredFiles":0,"authorshipCoverage":0.0,"numberOfDOAFiles":374,"doaAuthorshipCoverage":0.8556660039761439}],"totalFiles":386,"coverage":0.14711729622266334},{"busFactor":1,"significanceIndicator":"inDegreeCentrality","developers":[{"id":2,"name":"","email":"jeremylandis@hotmail.com","numberOfAuthoredFiles":0,"authorshipCoverage":0.0,"numberOfDOAFiles":374,"doaAuthorshipCoverage":0.8794949217677744}],"totalFiles":386,"coverage":0.12297556958550582},{"busFactor":1,"significanceIndicator":"outDegreeCentrality","developers":[{"id":2,"name":"","email":"jeremylandis@hotmail.com","numberOfAuthoredFiles":0,"authorshipCoverage":0.0,"numberOfDOAFiles":374,"doaAuthorshipCoverage":0.7930785868781559}],"totalFiles":386,"coverage":0.210526315789472},{"busFactor":1,"significanceIndicator":"betweennessCentrality","developers":[{"id":2,"name":"","email":"jeremylandis@hotmail.com","numberOfAuthoredFiles":0,"authorshipCoverage":0.0,"numberOfDOAFiles":374,"doaAuthorshipCoverage":0.577894182265798}],"totalFiles":386,"coverage":0.42531244901752896}]},{"path":"/src/main","info":[{"busFactor":1,"significanceIndicator":"jetbrains","developers":[{"id":2,"name":"","email":"jeremylandis@hotmail.com","numberOfAuthoredFiles":0,"authorshipCoverage":0.0,"numberOfDOAFiles":377,"doaAuthorshipCoverage":0.9666666666666667}],"totalFiles":390,"coverage":0.03589743589743588},{"busFactor":1,"significanceIndicator":"pageRank","developers":[{"id":2,"name":"","email":"jeremylandis@hotmail.com","numberOfAuthoredFiles":0,"authorshipCoverage":0.0,"numberOfDOAFiles":377,"doaAuthorshipCoverage":0.9313411696778402}],"totalFiles":390,"coverage":0.07323406744729899},{"busFactor":1,"significanceIndicator":"degreeCentrality","developers":[{"id":2,"name":"","email":"jeremylandis@hotmail.com","numberOfAuthoredFiles":0,"authorshipCoverage":0.0,"numberOfDOAFiles":377,"doaAuthorshipCoverage":0.855524642289349}],"totalFiles":390,"coverage":0.14725755166931564},{"busFactor":1,"significanceIndicator":"inDegreeCentrality","developers":[{"id":2,"name":"","email":"jeremylandis@hotmail.com","numberOfAuthoredFiles":0,"authorshipCoverage":0.0,"numberOfDOAFiles":377,"doaAuthorshipCoverage":0.8792866941015096}],"totalFiles":390,"coverage":0.12318244170095938},{"busFactor":1,"significanceIndicator":"outDegreeCentrality","developers":[{"id":2,"name":"","email":"jeremylandis@hotmail.com","numberOfAuthoredFiles":0,"authorshipCoverage":0.0,"numberOfDOAFiles":377,"doaAuthorshipCoverage":0.7930785868781559}],"totalFiles":390,"coverage":0.210526315789472},{"busFactor":1,"significanceIndicator":"betweennessCentrality","developers":[{"id":2,"name":"","email":"jeremylandis@hotmail.com","numberOfAuthoredFiles":0,"authorshipCoverage":0.0,"numberOfDOAFiles":377,"doaAuthorshipCoverage":0.577894182265798}],"totalFiles":390,"coverage":0.42531244901752896}]},{"path":"/src/main/java/org/apache/ibatis/executor","info":[{"busFactor":1,"significanceIndicator":"jetbrains","developers":[{"id":2,"name":"","email":"jeremylandis@hotmail.com","numberOfAuthoredFiles":0,"authorshipCoverage":0.0,"numberOfDOAFiles":51,"doaAuthorshipCoverage":0.9807692307692307}],"totalFiles":52,"coverage":0.019230769230769273},{"busFactor":1,"significanceIndicator":"pageRank","developers":[{"id":2,"name":"","email":"jeremylandis@hotmail.com","numberOfAuthoredFiles":0,"authorshipCoverage":0.0,"numberOfDOAFiles":51,"doaAuthorshipCoverage":0.9803866979940649}],"totalFiles":52,"coverage":0.01961330200593514},{"busFactor":1,"significanceIndicator":"degreeCentrality","developers":[{"id":2,"name":"","email":"jeremylandis@hotmail.com","numberOfAuthoredFiles":0,"authorshipCoverage":0.0,"numberOfDOAFiles":51,"doaAuthorshipCoverage":0.9206349206349207}],"totalFiles":52,"coverage":0.0793650793650793},{"busFactor":1,"significanceIndicator":"inDegreeCentrality","developers":[{"id":2,"name":"","email":"jeremylandis@hotmail.com","numberOfAuthoredFiles":0,"authorshipCoverage":0.0,"numberOfDOAFiles":51,"doaAuthorshipCoverage":0.9786324786324785}],"totalFiles":52,"coverage":0.021367521367521514},{"busFactor":1,"significanceIndicator":"outDegreeCentrality","developers":[{"id":2,"name":"","email":"jeremylandis@hotmail.com","numberOfAuthoredFiles":0,"authorshipCoverage":0.0,"numberOfDOAFiles":51,"doaAuthorshipCoverage":0.8798798798798799}],"totalFiles":52,"coverage":0.12012012012012008},{"busFactor":1,"significanceIndicator":"betweennessCentrality","developers":[{"id":2,"name":"","email":"jeremylandis@hotmail.com","numberOfAuthoredFiles":0,"authorshipCoverage":0.0,"numberOfDOAFiles":51,"doaAuthorshipCoverage":0.8018171917500235}],"totalFiles":52,"coverage":0.19818280824997647}]},{"path":"/src/test/java/org/apache/ibatis/type","info":[{"busFactor":1,"significanceIndicator":"jetbrains","developers":[{"id":2,"name":"","email":"jeremylandis@hotmail.com","numberOfAuthoredFiles":0,"authorshipCoverage":0.0,"numberOfDOAFiles":50,"doaAuthorshipCoverage":1.0}],"totalFiles":50,"coverage":0.0},{"busFactor":1,"significanceIndicator":"pageRank","developers":[{"id":2,"name":"","email":"jeremylandis@hotmail.com","numberOfAuthoredFiles":0,"authorshipCoverage":0.0,"numberOfDOAFiles":50,"doaAuthorshipCoverage":1.0}],"totalFiles":50,"coverage":0.0},{"busFactor":1,"significanceIndicator":"degreeCentrality","developers":[{"id":2,"name":"","email":"jeremylandis@hotmail.com","numberOfAuthoredFiles":0,"authorshipCoverage":0.0,"numberOfDOAFiles":50,"doaAuthorshipCoverage":0.9999999999999994}],"totalFiles":50,"coverage":5.551115123125783E-16},{"busFactor":1,"significanceIndicator":"inDegreeCentrality","developers":[{"id":2,"name":"","email":"jeremylandis@hotmail.com","numberOfAuthoredFiles":0,"authorshipCoverage":0.0,"numberOfDOAFiles":50,"doaAuthorshipCoverage":1.0}],"totalFiles":50,"coverage":0.0},{"busFactor":1,"significanceIndicator":"outDegreeCentrality","developers":[{"id":2,"name":"","email":"jeremylandis@hotmail.com","numberOfAuthoredFiles":0,"authorshipCoverage":0.0,"numberOfDOAFiles":50,"doaAuthorshipCoverage":0.9999999999999998}],"totalFiles":50,"coverage":2.220446049250313E-16},{"busFactor":0,"significanceIndicator":"betweennessCentrality","developers":[],"totalFiles":50,"coverage":1.0}]},{"path":"/src/main/java/org/apache/ibatis/builder","info":[{"busFactor":1,"significanceIndicator":"jetbrains","developers":[{"id":2,"name":"","email":"jeremylandis@hotmail.com","numberOfAuthoredFiles":0,"authorshipCoverage":0.0,"numberOfDOAFiles":19,"doaAuthorshipCoverage":0.8260869565217391}],"totalFiles":23,"coverage":0.17391304347826086},{"busFactor":1,"significanceIndicator":"pageRank","developers":[{"id":2,"name":"","email":"jeremylandis@hotmail.com","numberOfAuthoredFiles":0,"authorshipCoverage":0.0,"numberOfDOAFiles":19,"doaAuthorshipCoverage":0.8289136597113896}],"totalFiles":23,"coverage":0.17108634028861036},{"busFactor":1,"significanceIndicator":"degreeCentrality","developers":[{"id":2,"name":"","email":"jeremylandis@hotmail.com","numberOfAuthoredFiles":0,"authorshipCoverage":0.0,"numberOfDOAFiles":19,"doaAuthorshipCoverage":0.5474683544303797}],"totalFiles":23,"coverage":0.45253164556962033},{"busFactor":1,"significanceIndicator":"inDegreeCentrality","developers":[{"id":2,"name":"","email":"jeremylandis@hotmail.com","numberOfAuthoredFiles":0,"authorshipCoverage":0.0,"numberOfDOAFiles":19,"doaAuthorshipCoverage":0.861111111111111}],"totalFiles":23,"coverage":0.13888888888888895},{"busFactor":2,"significanceIndicator":"outDegreeCentrality","developers":[{"id":1,"name":"","email":"harawata@gmail.com","numberOfAuthoredFiles":0,"authorshipCoverage":0.0,"numberOfDOAFiles":3,"doaAuthorshipCoverage":0.4759615384615384},{"id":2,"name":"","email":"jeremylandis@hotmail.com","numberOfAuthoredFiles":0,"authorshipCoverage":0.0,"numberOfDOAFiles":19,"doaAuthorshipCoverage":0.38461538461538464}],"totalFiles":23,"coverage":0.1394230769230771},{"busFactor":1,"significanceIndicator":"betweennessCentrality","developers":[{"id":1,"name":"","email":"harawata@gmail.com","numberOfAuthoredFiles":0,"authorshipCoverage":0.0,"numberOfDOAFiles":3,"doaAuthorshipCoverage":0.5409743489402408}],"totalFiles":23,"coverage":0.45902565105975923}]},{"path":"/src/main/java/org/apache/ibatis/type","info":[{"busFactor":1,"significanceIndicator":"jetbrains","developers":[{"id":2,"name":"","email":"jeremylandis@hotmail.com","numberOfAuthoredFiles":0,"authorshipCoverage":0.0,"numberOfDOAFiles":56,"doaAuthorshipCoverage":1.0}],"totalFiles":56,"coverage":0.0},{"busFactor":1,"significanceIndicator":"pageRank","developers":[{"id":2,"name":"","email":"jeremylandis@hotmail.com","numberOfAuthoredFiles":0,"authorshipCoverage":0.0,"numberOfDOAFiles":56,"doaAuthorshipCoverage":0.9999999999999997}],"totalFiles":56,"coverage":3.3306690738754696E-16},{"busFactor":1,"significanceIndicator":"degreeCentrality","developers":[{"id":2,"name":"","email":"jeremylandis@hotmail.com","numberOfAuthoredFiles":0,"authorshipCoverage":0.0,"numberOfDOAFiles":56,"doaAuthorshipCoverage":1.0000000000000002}],"totalFiles":56,"coverage":-2.220446049250313E-16},{"busFactor":1,"significanceIndicator":"inDegreeCentrality","developers":[{"id":2,"name":"","email":"jeremylandis@hotmail.com","numberOfAuthoredFiles":0,"authorshipCoverage":0.0,"numberOfDOAFiles":56,"doaAuthorshipCoverage":0.9999999999999997}],"totalFiles":56,"coverage":3.3306690738754696E-16},{"busFactor":1,"significanceIndicator":"outDegreeCentrality","developers":[{"id":2,"name":"","email":"jeremylandis@hotmail.com","numberOfAuthoredFiles":0,"authorshipCoverage":0.0,"numberOfDOAFiles":56,"doaAuthorshipCoverage":1.000000000000001}],"totalFiles":56,"coverage":-1.1102230246251565E-15},{"busFactor":1,"significanceIndicator":"betweennessCentrality","developers":[{"id":2,"name":"","email":"jeremylandis@hotmail.com","numberOfAuthoredFiles":0,"authorshipCoverage":0.0,"numberOfDOAFiles":56,"doaAuthorshipCoverage":0.9999999999999993}],"totalFiles":56,"coverage":6.661338147750939E-16}]},{"path":"/src/main/java/org/apache/ibatis/reflection","info":[{"busFactor":1,"significanceIndicator":"jetbrains","developers":[{"id":2,"name":"","email":"jeremylandis@hotmail.com","numberOfAuthoredFiles":0,"authorshipCoverage":0.0,"numberOfDOAFiles":35,"doaAuthorshipCoverage":0.9722222222222222}],"totalFiles":36,"coverage":0.02777777777777779},{"busFactor":1,"significanceIndicator":"pageRank","developers":[{"id":2,"name":"","email":"jeremylandis@hotmail.com","numberOfAuthoredFiles":0,"authorshipCoverage":0.0,"numberOfDOAFiles":35,"doaAuthorshipCoverage":0.9899643790800193}],"totalFiles":36,"coverage":0.01003562091998067},{"busFactor":1,"significanceIndicator":"degreeCentrality","developers":[{"id":2,"name":"","email":"jeremylandis@hotmail.com","numberOfAuthoredFiles":0,"authorshipCoverage":0.0,"numberOfDOAFiles":35,"doaAuthorshipCoverage":0.962457337883959}],"totalFiles":36,"coverage":0.03754266211604096},{"busFactor":1,"significanceIndicator":"inDegreeCentrality","developers":[{"id":2,"name":"","email":"jeremylandis@hotmail.com","numberOfAuthoredFiles":0,"authorshipCoverage":0.0,"numberOfDOAFiles":35,"doaAuthorshipCoverage":0.9757281553398057}],"totalFiles":36,"coverage":0.024271844660194275},{"busFactor":1,"significanceIndicator":"outDegreeCentrality","developers":[{"id":2,"name":"","email":"jeremylandis@hotmail.com","numberOfAuthoredFiles":0,"authorshipCoverage":0.0,"numberOfDOAFiles":35,"doaAuthorshipCoverage":0.9310344827586203}],"totalFiles":36,"coverage":0.06896551724137967},{"busFactor":1,"significanceIndicator":"betweennessCentrality","developers":[{"id":2,"name":"","email":"jeremylandis@hotmail.com","numberOfAuthoredFiles":0,"authorshipCoverage":0.0,"numberOfDOAFiles":35,"doaAuthorshipCoverage":0.9683205606836891}],"totalFiles":36,"coverage":0.0316794393163109}]},{"path":"/src/test/java/org/apache/ibatis/executor","info":[{"busFactor":1,"significanceIndicator":"jetbrains","developers":[{"id":2,"name":"","email":"jeremylandis@hotmail.com","numberOfAuthoredFiles":0,"authorshipCoverage":0.0,"numberOfDOAFiles":15,"doaAuthorshipCoverage":1.0}],"totalFiles":15,"coverage":0.0},{"busFactor":1,"significanceIndicator":"pageRank","developers":[{"id":2,"name":"","email":"jeremylandis@hotmail.com","numberOfAuthoredFiles":0,"authorshipCoverage":0.0,"numberOfDOAFiles":15,"doaAuthorshipCoverage":1.0}],"totalFiles":15,"coverage":0.0},{"busFactor":1,"significanceIndicator":"degreeCentrality","developers":[{"id":2,"name":"","email":"jeremylandis@hotmail.com","numberOfAuthoredFiles":0,"authorshipCoverage":0.0,"numberOfDOAFiles":15,"doaAuthorshipCoverage":1.0}],"totalFiles":15,"coverage":0.0},{"busFactor":1,"significanceIndicator":"inDegreeCentrality","developers":[{"id":2,"name":"","email":"jeremylandis@hotmail.com","numberOfAuthoredFiles":0,"authorshipCoverage":0.0,"numberOfDOAFiles":15,"doaAuthorshipCoverage":1.0}],"totalFiles":15,"coverage":0.0},{"busFactor":1,"significanceIndicator":"outDegreeCentrality","developers":[{"id":2,"name":"","email":"jeremylandis@hotmail.com","numberOfAuthoredFiles":0,"authorshipCoverage":0.0,"numberOfDOAFiles":15,"doaAuthorshipCoverage":0.9999999999999999}],"totalFiles":15,"coverage":1.1102230246251565E-16},{"busFactor":1,"significanceIndicator":"betweennessCentrality","developers":[{"id":2,"name":"","email":"jeremylandis@hotmail.com","numberOfAuthoredFiles":0,"authorshipCoverage":0.0,"numberOfDOAFiles":15,"doaAuthorshipCoverage":1.0000000000000002}],"totalFiles":15,"coverage":-2.220446049250313E-16}]},{"path":"/src/main/java/org/apache/ibatis/session","info":[{"busFactor":1,"significanceIndicator":"jetbrains","developers":[{"id":2,"name":"","email":"jeremylandis@hotmail.com","numberOfAuthoredFiles":0,"authorshipCoverage":0.0,"numberOfDOAFiles":16,"doaAuthorshipCoverage":0.8888888888888888}],"totalFiles":18,"coverage":0.11111111111111116},{"busFactor":1,"significanceIndicator":"pageRank","developers":[{"id":2,"name":"","email":"jeremylandis@hotmail.com","numberOfAuthoredFiles":0,"authorshipCoverage":0.0,"numberOfDOAFiles":16,"doaAuthorshipCoverage":0.7051230974543096}],"totalFiles":18,"coverage":0.29487690254569043},{"busFactor":1,"significanceIndicator":"degreeCentrality","developers":[{"id":2,"name":"","email":"jeremylandis@hotmail.com","numberOfAuthoredFiles":0,"authorshipCoverage":0.0,"numberOfDOAFiles":16,"doaAuthorshipCoverage":0.6826923076923077}],"totalFiles":18,"coverage":0.3173076923076923},{"busFactor":1,"significanceIndicator":"inDegreeCentrality","developers":[{"id":2,"name":"","email":"jeremylandis@hotmail.com","numberOfAuthoredFiles":0,"authorshipCoverage":0.0,"numberOfDOAFiles":16,"doaAuthorshipCoverage":0.7308075772681953}],"totalFiles":18,"coverage":0.26919242273180466},{"busFactor":1,"significanceIndicator":"outDegreeCentrality","developers":[{"id":5,"name":"","email":"tianshuang.me@gmail.com","numberOfAuthoredFiles":0,"authorshipCoverage":0.0,"numberOfDOAFiles":1,"doaAuthorshipCoverage":0.5460992907801419}],"totalFiles":18,"coverage":0.45390070921985815},{"busFactor":1,"significanceIndicator":"betweennessCentrality","developers":[{"id":5,"name":"","email":"tianshuang.me@gmail.com","numberOfAuthoredFiles":0,"authorshipCoverage":0.0,"numberOfDOAFiles":1,"doaAuthorshipCoverage":0.909933740267733}],"totalFiles":18,"coverage":0.090066259732267}]},{"path":"/src/test/java/org/apache/ibatis/builder","info":[{"busFactor":1,"significanceIndicator":"jetbrains","developers":[{"id":2,"name":"","email":"jeremylandis@hotmail.com","numberOfAuthoredFiles":0,"authorshipCoverage":0.0,"numberOfDOAFiles":18,"doaAuthorshipCoverage":0.9473684210526315}],"totalFiles":19,"coverage":0.052631578947368474},{"busFactor":1,"significanceIndicator":"pageRank","developers":[{"id":2,"name":"","email":"jeremylandis@hotmail.com","numberOfAuthoredFiles":0,"authorshipCoverage":0.0,"numberOfDOAFiles":18,"doaAuthorshipCoverage":0.9484179830914542}],"totalFiles":19,"coverage":0.0515820169085458},{"busFactor":1,"significanceIndicator":"degreeCentrality","developers":[{"id":2,"name":"","email":"jeremylandis@hotmail.com","numberOfAuthoredFiles":0,"authorshipCoverage":0.0,"numberOfDOAFiles":18,"doaAuthorshipCoverage":0.7471264367816093}],"totalFiles":19,"coverage":0.2528735632183907},{"busFactor":1,"significanceIndicator":"inDegreeCentrality","developers":[{"id":2,"name":"","email":"jeremylandis@hotmail.com","numberOfAuthoredFiles":0,"authorshipCoverage":0.0,"numberOfDOAFiles":18,"doaAuthorshipCoverage":0.9999999999999999}],"totalFiles":19,"coverage":1.1102230246251565E-16},{"busFactor":1,"significanceIndicator":"outDegreeCentrality","developers":[{"id":2,"name":"","email":"jeremylandis@hotmail.com","numberOfAuthoredFiles":0,"authorshipCoverage":0.0,"numberOfDOAFiles":18,"doaAuthorshipCoverage":0.7179487179487178}],"totalFiles":19,"coverage":0.28205128205128216},{"busFactor":1,"significanceIndicator":"betweennessCentrality","developers":[{"id":2,"name":"","email":"jeremylandis@hotmail.com","numberOfAuthoredFiles":0,"authorshipCoverage":0.0,"numberOfDOAFiles":18,"doaAuthorshipCoverage":0.9999999999999999}],"totalFiles":19,"coverage":1.1102230246251565E-16}]},{"path":"/src/test/java/org/apache/ibatis/submitted/sqlprovider","info":[{"busFactor":1,"significanceIndicator":"jetbrains","developers":[{"id":2,"name":"","email":"jeremylandis@hotmail.com","numberOfAuthoredFiles":0,"authorshipCoverage":0.0,"numberOfDOAFiles":6,"doaAuthorshipCoverage":1.0}],"totalFiles":6,"coverage":0.0},{"busFactor":1,"significanceIndicator":"pageRank","developers":[{"id":2,"name":"","email":"jeremylandis@hotmail.com","numberOfAuthoredFiles":0,"authorshipCoverage":0.0,"numberOfDOAFiles":6,"doaAuthorshipCoverage":0.9999999999999998}],"totalFiles":6,"coverage":2.220446049250313E-16},{"busFactor":1,"significanceIndicator":"degreeCentrality","developers":[{"id":2,"name":"","email":"jeremylandis@hotmail.com","numberOfAuthoredFiles":0,"authorshipCoverage":0.0,"numberOfDOAFiles":6,"doaAuthorshipCoverage":1.0}],"totalFiles":6,"coverage":0.0},{"busFactor":1,"significanceIndicator":"inDegreeCentrality","developers":[{"id":2,"name":"","email":"jeremylandis@hotmail.com","numberOfAuthoredFiles":0,"authorshipCoverage":0.0,"numberOfDOAFiles":6,"doaAuthorshipCoverage":1.0}],"totalFiles":6,"coverage":0.0},{"busFactor":1,"significanceIndicator":"outDegreeCentrality","developers":[{"id":2,"name":"","email":"jeremylandis@hotmail.com","numberOfAuthoredFiles":0,"authorshipCoverage":0.0,"numberOfDOAFiles":6,"doaAuthorshipCoverage":1.0}],"totalFiles":6,"coverage":0.0},{"busFactor":1,"significanceIndicator":"betweennessCentrality","developers":[{"id":2,"name":"","email":"jeremylandis@hotmail.com","numberOfAuthoredFiles":0,"authorshipCoverage":0.0,"numberOfDOAFiles":6,"doaAuthorshipCoverage":1.0}],"totalFiles":6,"coverage":0.0}]},{"path":"/src/main/java/org/apache/ibatis/scripting","info":[{"busFactor":1,"significanceIndicator":"jetbrains","developers":[{"id":2,"name":"","email":"jeremylandis@hotmail.com","numberOfAuthoredFiles":0,"authorshipCoverage":0.0,"numberOfDOAFiles":28,"doaAuthorshipCoverage":1.0}],"totalFiles":28,"coverage":0.0},{"busFactor":1,"significanceIndicator":"pageRank","developers":[{"id":2,"name":"","email":"jeremylandis@hotmail.com","numberOfAuthoredFiles":0,"authorshipCoverage":0.0,"numberOfDOAFiles":28,"doaAuthorshipCoverage":0.9999999999999998}],"totalFiles":28,"coverage":2.220446049250313E-16},{"busFactor":1,"significanceIndicator":"degreeCentrality","developers":[{"id":2,"name":"","email":"jeremylandis@hotmail.com","numberOfAuthoredFiles":0,"authorshipCoverage":0.0,"numberOfDOAFiles":28,"doaAuthorshipCoverage":1.0}],"totalFiles":28,"coverage":0.0},{"busFactor":1,"significanceIndicator":"inDegreeCentrality","developers":[{"id":2,"name":"","email":"jeremylandis@hotmail.com","numberOfAuthoredFiles":0,"authorshipCoverage":0.0,"numberOfDOAFiles":28,"doaAuthorshipCoverage":0.9999999999999998}],"totalFiles":28,"coverage":2.220446049250313E-16},{"busFactor":1,"significanceIndicator":"outDegreeCentrality","developers":[{"id":2,"name":"","email":"jeremylandis@hotmail.com","numberOfAuthoredFiles":0,"authorshipCoverage":0.0,"numberOfDOAFiles":28,"doaAuthorshipCoverage":0.9999999999999998}],"totalFiles":28,"coverage":2.220446049250313E-16},{"busFactor":1,"significanceIndicator":"betweennessCentrality","developers":[{"id":2,"name":"","email":"jeremylandis@hotmail.com","numberOfAuthoredFiles":0,"authorshipCoverage":0.0,"numberOfDOAFiles":28,"doaAuthorshipCoverage":1.0}],"totalFiles":28,"coverage":0.0}]},{"path":"/src/main/java/org/apache/ibatis/executor/resultset","info":[{"busFactor":1,"significanceIndicator":"jetbrains","developers":[{"id":2,"name":"","email":"jeremylandis@hotmail.com","numberOfAuthoredFiles":0,"authorshipCoverage":0.0,"numberOfDOAFiles":3,"doaAuthorshipCoverage":0.75}],"totalFiles":4,"coverage":0.25},{"busFactor":1,"significanceIndicator":"pageRank","developers":[{"id":2,"name":"","email":"jeremylandis@hotmail.com","numberOfAuthoredFiles":0,"authorshipCoverage":0.0,"numberOfDOAFiles":3,"doaAuthorshipCoverage":0.6307349942411962}],"totalFiles":4,"coverage":0.36926500575880383},{"busFactor":1,"significanceIndicator":"degreeCentrality","developers":[{"id":1,"name":"","email":"harawata@gmail.com","numberOfAuthoredFiles":0,"authorshipCoverage":0.0,"numberOfDOAFiles":1,"doaAuthorshipCoverage":0.7031249999999999}],"totalFiles":4,"coverage":0.2968750000000001},{"busFactor":1,"significanceIndicator":"inDegreeCentrality","developers":[{"id":2,"name":"","email":"jeremylandis@hotmail.com","numberOfAuthoredFiles":0,"authorshipCoverage":0.0,"numberOfDOAFiles":3,"doaAuthorshipCoverage":0.6666666666666667}],"totalFiles":4,"coverage":0.33333333333333326},{"busFactor":1,"significanceIndicator":"outDegreeCentrality","developers":[{"id":1,"name":"","email":"harawata@gmail.com","numberOfAuthoredFiles":0,"authorshipCoverage":0.0,"numberOfDOAFiles":1,"doaAuthorshipCoverage":0.8163265306122449}],"totalFiles":4,"coverage":0.18367346938775508},{"busFactor":1,"significanceIndicator":"betweennessCentrality","developers":[{"id":1,"name":"","email":"harawata@gmail.com","numberOfAuthoredFiles":0,"authorshipCoverage":0.0,"numberOfDOAFiles":1,"doaAuthorshipCoverage":0.9554930988140444}],"totalFiles":4,"coverage":0.04450690118595557}]},{"path":"/src/test/java/org/apache/ibatis/domain","info":[{"busFactor":1,"significanceIndicator":"jetbrains","developers":[{"id":2,"name":"","email":"jeremylandis@hotmail.com","numberOfAuthoredFiles":0,"authorshipCoverage":0.0,"numberOfDOAFiles":36,"doaAuthorshipCoverage":1.0}],"totalFiles":36,"coverage":0.0},{"busFactor":1,"significanceIndicator":"pageRank","developers":[{"id":2,"name":"","email":"jeremylandis@hotmail.com","numberOfAuthoredFiles":0,"authorshipCoverage":0.0,"numberOfDOAFiles":36,"doaAuthorshipCoverage":1.0}],"totalFiles":36,"coverage":0.0},{"busFactor":1,"significanceIndicator":"degreeCentrality","developers":[{"id":2,"name":"","email":"jeremylandis@hotmail.com","numberOfAuthoredFiles":0,"authorshipCoverage":0.0,"numberOfDOAFiles":36,"doaAuthorshipCoverage":1.0}],"totalFiles":36,"coverage":0.0},{"busFactor":1,"significanceIndicator":"inDegreeCentrality","developers":[{"id":2,"name":"","email":"jeremylandis@hotmail.com","numberOfAuthoredFiles":0,"authorshipCoverage":0.0,"numberOfDOAFiles":36,"doaAuthorshipCoverage":0.9999999999999996}],"totalFiles":36,"coverage":4.440892098500626E-16},{"busFactor":1,"significanceIndicator":"outDegreeCentrality","developers":[{"id":2,"name":"","email":"jeremylandis@hotmail.com","numberOfAuthoredFiles":0,"authorshipCoverage":0.0,"numberOfDOAFiles":36,"doaAuthorshipCoverage":1.0}],"totalFiles":36,"coverage":0.0},{"busFactor":1,"significanceIndicator":"betweennessCentrality","developers":[{"id":2,"name":"","email":"jeremylandis@hotmail.com","numberOfAuthoredFiles":0,"authorshipCoverage":0.0,"numberOfDOAFiles":36,"doaAuthorshipCoverage":1.0000000000000002}],"totalFiles":36,"coverage":-2.220446049250313E-16}]},{"path":"/src/main/java/org/apache/ibatis/annotations","info":[{"busFactor":1,"significanceIndicator":"jetbrains","developers":[{"id":2,"name":"","email":"jeremylandis@hotmail.com","numberOfAuthoredFiles":0,"authorshipCoverage":0.0,"numberOfDOAFiles":28,"doaAuthorshipCoverage":0.9333333333333333}],"totalFiles":30,"coverage":0.06666666666666665},{"busFactor":1,"significanceIndicator":"pageRank","developers":[{"id":2,"name":"","email":"jeremylandis@hotmail.com","numberOfAuthoredFiles":0,"authorshipCoverage":0.0,"numberOfDOAFiles":28,"doaAuthorshipCoverage":0.8020825772807945}],"totalFiles":30,"coverage":0.19791742271920554},{"busFactor":1,"significanceIndicator":"degreeCentrality","developers":[{"id":2,"name":"","email":"jeremylandis@hotmail.com","numberOfAuthoredFiles":0,"authorshipCoverage":0.0,"numberOfDOAFiles":28,"doaAuthorshipCoverage":0.7576530612244896}],"totalFiles":30,"coverage":0.2423469387755104},{"busFactor":1,"significanceIndicator":"inDegreeCentrality","developers":[{"id":2,"name":"","email":"jeremylandis@hotmail.com","numberOfAuthoredFiles":0,"authorshipCoverage":0.0,"numberOfDOAFiles":28,"doaAuthorshipCoverage":0.7329545454545452}],"totalFiles":30,"coverage":0.2670454545454548},{"busFactor":1,"significanceIndicator":"outDegreeCentrality","developers":[{"id":2,"name":"","email":"jeremylandis@hotmail.com","numberOfAuthoredFiles":0,"authorshipCoverage":0.0,"numberOfDOAFiles":28,"doaAuthorshipCoverage":0.9750000000000002}],"totalFiles":30,"coverage":0.0249999999999998},{"busFactor":1,"significanceIndicator":"betweennessCentrality","developers":[{"id":2,"name":"","email":"jeremylandis@hotmail.com","numberOfAuthoredFiles":0,"authorshipCoverage":0.0,"numberOfDOAFiles":28,"doaAuthorshipCoverage":0.8891569397020206}],"totalFiles":30,"coverage":0.11084306029797941}]},{"path":"/src/main/java/org/apache/ibatis/mapping","info":[{"busFactor":1,"significanceIndicator":"jetbrains","developers":[{"id":2,"name":"","email":"jeremylandis@hotmail.com","numberOfAuthoredFiles":0,"authorshipCoverage":0.0,"numberOfDOAFiles":19,"doaAuthorshipCoverage":0.95}],"totalFiles":20,"coverage":0.050000000000000044},{"busFactor":1,"significanceIndicator":"pageRank","developers":[{"id":2,"name":"","email":"jeremylandis@hotmail.com","numberOfAuthoredFiles":0,"authorshipCoverage":0.0,"numberOfDOAFiles":19,"doaAuthorshipCoverage":0.8501800322577049}],"totalFiles":20,"coverage":0.1498199677422951},{"busFactor":1,"significanceIndicator":"degreeCentrality","developers":[{"id":2,"name":"","email":"jeremylandis@hotmail.com","numberOfAuthoredFiles":0,"authorshipCoverage":0.0,"numberOfDOAFiles":19,"doaAuthorshipCoverage":0.8637316561844863}],"totalFiles":20,"coverage":0.13626834381551367},{"busFactor":1,"significanceIndicator":"inDegreeCentrality","developers":[{"id":2,"name":"","email":"jeremylandis@hotmail.com","numberOfAuthoredFiles":0,"authorshipCoverage":0.0,"numberOfDOAFiles":19,"doaAuthorshipCoverage":0.8819277108433734}],"totalFiles":20,"coverage":0.1180722891566266},{"busFactor":1,"significanceIndicator":"outDegreeCentrality","developers":[{"id":2,"name":"","email":"jeremylandis@hotmail.com","numberOfAuthoredFiles":0,"authorshipCoverage":0.0,"numberOfDOAFiles":19,"doaAuthorshipCoverage":0.7419354838709679}],"totalFiles":20,"coverage":0.25806451612903214},{"busFactor":1,"significanceIndicator":"betweennessCentrality","developers":[{"id":2,"name":"","email":"jeremylandis@hotmail.com","numberOfAuthoredFiles":0,"authorshipCoverage":0.0,"numberOfDOAFiles":19,"doaAuthorshipCoverage":0.6508218075564582}],"totalFiles":20,"coverage":0.34917819244354176}]},{"path":"/src/test/java/org/apache/ibatis/reflection","info":[{"busFactor":1,"significanceIndicator":"jetbrains","developers":[{"id":2,"name":"","email":"jeremylandis@hotmail.com","numberOfAuthoredFiles":0,"authorshipCoverage":0.0,"numberOfDOAFiles":12,"doaAuthorshipCoverage":1.0}],"totalFiles":12,"coverage":0.0},{"busFactor":1,"significanceIndicator":"pageRank","developers":[{"id":2,"name":"","email":"jeremylandis@hotmail.com","numberOfAuthoredFiles":0,"authorshipCoverage":0.0,"numberOfDOAFiles":12,"doaAuthorshipCoverage":0.9999999999999997}],"totalFiles":12,"coverage":3.3306690738754696E-16},{"busFactor":1,"significanceIndicator":"degreeCentrality","developers":[{"id":2,"name":"","email":"jeremylandis@hotmail.com","numberOfAuthoredFiles":0,"authorshipCoverage":0.0,"numberOfDOAFiles":12,"doaAuthorshipCoverage":1.0000000000000002}],"totalFiles":12,"coverage":-2.220446049250313E-16},{"busFactor":1,"significanceIndicator":"inDegreeCentrality","developers":[{"id":2,"name":"","email":"jeremylandis@hotmail.com","numberOfAuthoredFiles":0,"authorshipCoverage":0.0,"numberOfDOAFiles":12,"doaAuthorshipCoverage":1.0}],"totalFiles":12,"coverage":0.0},{"busFactor":1,"significanceIndicator":"outDegreeCentrality","developers":[{"id":2,"name":"","email":"jeremylandis@hotmail.com","numberOfAuthoredFiles":0,"authorshipCoverage":0.0,"numberOfDOAFiles":12,"doaAuthorshipCoverage":1.0000000000000002}],"totalFiles":12,"coverage":-2.220446049250313E-16},{"busFactor":1,"significanceIndicator":"betweennessCentrality","developers":[{"id":2,"name":"","email":"jeremylandis@hotmail.com","numberOfAuthoredFiles":0,"authorshipCoverage":0.0,"numberOfDOAFiles":12,"doaAuthorshipCoverage":1.0}],"totalFiles":12,"coverage":0.0}]},{"path":"/src/test/java/org/apache/ibatis/binding","info":[{"busFactor":1,"significanceIndicator":"jetbrains","developers":[{"id":2,"name":"","email":"jeremylandis@hotmail.com","numberOfAuthoredFiles":0,"authorshipCoverage":0.0,"numberOfDOAFiles":11,"doaAuthorshipCoverage":1.0}],"totalFiles":11,"coverage":0.0},{"busFactor":1,"significanceIndicator":"pageRank","developers":[{"id":2,"name":"","email":"jeremylandis@hotmail.com","numberOfAuthoredFiles":0,"authorshipCoverage":0.0,"numberOfDOAFiles":11,"doaAuthorshipCoverage":1.0000000000000002}],"totalFiles":11,"coverage":-2.220446049250313E-16},{"busFactor":1,"significanceIndicator":"degreeCentrality","developers":[{"id":2,"name":"","email":"jeremylandis@hotmail.com","numberOfAuthoredFiles":0,"authorshipCoverage":0.0,"numberOfDOAFiles":11,"doaAuthorshipCoverage":1.0}],"totalFiles":11,"coverage":0.0},{"busFactor":1,"significanceIndicator":"inDegreeCentrality","developers":[{"id":2,"name":"","email":"jeremylandis@hotmail.com","numberOfAuthoredFiles":0,"authorshipCoverage":0.0,"numberOfDOAFiles":11,"doaAuthorshipCoverage":1.0}],"totalFiles":11,"coverage":0.0},{"busFactor":1,"significanceIndicator":"outDegreeCentrality","developers":[{"id":2,"name":"","email":"jeremylandis@hotmail.com","numberOfAuthoredFiles":0,"authorshipCoverage":0.0,"numberOfDOAFiles":11,"doaAuthorshipCoverage":1.0}],"totalFiles":11,"coverage":0.0},{"busFactor":1,"significanceIndicator":"betweennessCentrality","developers":[{"id":2,"name":"","email":"jeremylandis@hotmail.com","numberOfAuthoredFiles":0,"authorshipCoverage":0.0,"numberOfDOAFiles":11,"doaAuthorshipCoverage":1.0}],"totalFiles":11,"coverage":0.0}]},{"path":"/src/main/java/org/apache/ibatis/builder/xml","info":[{"busFactor":1,"significanceIndicator":"jetbrains","developers":[{"id":2,"name":"","email":"jeremylandis@hotmail.com","numberOfAuthoredFiles":0,"authorshipCoverage":0.0,"numberOfDOAFiles":4,"doaAuthorshipCoverage":0.6666666666666666}],"totalFiles":6,"coverage":0.33333333333333337},{"busFactor":2,"significanceIndicator":"pageRank","developers":[{"id":2,"name":"","email":"jeremylandis@hotmail.com","numberOfAuthoredFiles":0,"authorshipCoverage":0.0,"numberOfDOAFiles":4,"doaAuthorshipCoverage":0.4405812611154852},{"id":4,"name":"","email":"williescholtz@gmail.com","numberOfAuthoredFiles":0,"authorshipCoverage":0.0,"numberOfDOAFiles":1,"doaAuthorshipCoverage":0.3663998528125403}],"totalFiles":6,"coverage":0.19301888607197448},{"busFactor":2,"significanceIndicator":"degreeCentrality","developers":[{"id":2,"name":"","email":"jeremylandis@hotmail.com","numberOfAuthoredFiles":0,"authorshipCoverage":0.0,"numberOfDOAFiles":4,"doaAuthorshipCoverage":0.4555555555555555},{"id":4,"name":"","email":"williescholtz@gmail.com","numberOfAuthoredFiles":0,"authorshipCoverage":0.0,"numberOfDOAFiles":1,"doaAuthorshipCoverage":0.35555555555555557}],"totalFiles":6,"coverage":0.188888888888889},{"busFactor":1,"significanceIndicator":"inDegreeCentrality","developers":[{"id":2,"name":"","email":"jeremylandis@hotmail.com","numberOfAuthoredFiles":0,"authorshipCoverage":0.0,"numberOfDOAFiles":4,"doaAuthorshipCoverage":0.6153846153846153}],"totalFiles":6,"coverage":0.3846153846153847},{"busFactor":2,"significanceIndicator":"outDegreeCentrality","developers":[{"id":2,"name":"","email":"jeremylandis@hotmail.com","numberOfAuthoredFiles":0,"authorshipCoverage":0.0,"numberOfDOAFiles":4,"doaAuthorshipCoverage":0.4285714285714285},{"id":4,"name":"","email":"williescholtz@gmail.com","numberOfAuthoredFiles":0,"authorshipCoverage":0.0,"numberOfDOAFiles":1,"doaAuthorshipCoverage":0.37662337662337664}],"totalFiles":6,"coverage":0.19480519480519487},{"busFactor":1,"significanceIndicator":"betweennessCentrality","developers":[{"id":1,"name":"","email":"harawata@gmail.com","numberOfAuthoredFiles":0,"authorshipCoverage":0.0,"numberOfDOAFiles":1,"doaAuthorshipCoverage":0.539572949585543}],"totalFiles":6,"coverage":0.460427050414457}]},{"path":"/src/test/java/org/apache/ibatis/submitted/heavy_initial_load","info":[{"busFactor":1,"significanceIndicator":"jetbrains","developers":[{"id":2,"name":"","email":"jeremylandis@hotmail.com","numberOfAuthoredFiles":0,"authorshipCoverage":0.0,"numberOfDOAFiles":4,"doaAuthorshipCoverage":1.0}],"totalFiles":4,"coverage":0.0},{"busFactor":1,"significanceIndicator":"pageRank","developers":[{"id":2,"name":"","email":"jeremylandis@hotmail.com","numberOfAuthoredFiles":0,"authorshipCoverage":0.0,"numberOfDOAFiles":4,"doaAuthorshipCoverage":1.0}],"totalFiles":4,"coverage":0.0},{"busFactor":1,"significanceIndicator":"degreeCentrality","developers":[{"id":2,"name":"","email":"jeremylandis@hotmail.com","numberOfAuthoredFiles":0,"authorshipCoverage":0.0,"numberOfDOAFiles":4,"doaAuthorshipCoverage":1.0}],"totalFiles":4,"coverage":0.0},{"busFactor":1,"significanceIndicator":"inDegreeCentrality","developers":[{"id":2,"name":"","email":"jeremylandis@hotmail.com","numberOfAuthoredFiles":0,"authorshipCoverage":0.0,"numberOfDOAFiles":4,"doaAuthorshipCoverage":1.0}],"totalFiles":4,"coverage":0.0},{"busFactor":1,"significanceIndicator":"outDegreeCentrality","developers":[{"id":2,"name":"","email":"jeremylandis@hotmail.com","numberOfAuthoredFiles":0,"authorshipCoverage":0.0,"numberOfDOAFiles":4,"doaAuthorshipCoverage":1.0}],"totalFiles":4,"coverage":0.0},{"busFactor":1,"significanceIndicator":"betweennessCentrality","developers":[{"id":2,"name":"","email":"jeremylandis@hotmail.com","numberOfAuthoredFiles":0,"authorshipCoverage":0.0,"numberOfDOAFiles":4,"doaAuthorshipCoverage":1.0}],"totalFiles":4,"coverage":0.0}]},{"path":"/src/main/java/org/apache/ibatis/io","info":[{"busFactor":1,"significanceIndicator":"jetbrains","developers":[{"id":2,"name":"","email":"jeremylandis@hotmail.com","numberOfAuthoredFiles":0,"authorshipCoverage":0.0,"numberOfDOAFiles":8,"doaAuthorshipCoverage":0.8888888888888888}],"totalFiles":9,"coverage":0.11111111111111116},{"busFactor":1,"significanceIndicator":"pageRank","developers":[{"id":2,"name":"","email":"jeremylandis@hotmail.com","numberOfAuthoredFiles":0,"authorshipCoverage":0.0,"numberOfDOAFiles":8,"doaAuthorshipCoverage":0.9741151762241962}],"totalFiles":9,"coverage":0.02588482377580381},{"busFactor":1,"significanceIndicator":"degreeCentrality","developers":[{"id":2,"name":"","email":"jeremylandis@hotmail.com","numberOfAuthoredFiles":0,"authorshipCoverage":0.0,"numberOfDOAFiles":8,"doaAuthorshipCoverage":0.9833333333333332}],"totalFiles":9,"coverage":0.01666666666666683},{"busFactor":1,"significanceIndicator":"inDegreeCentrality","developers":[{"id":2,"name":"","email":"jeremylandis@hotmail.com","numberOfAuthoredFiles":0,"authorshipCoverage":0.0,"numberOfDOAFiles":8,"doaAuthorshipCoverage":0.9954954954954953}],"totalFiles":9,"coverage":0.0045045045045046805},{"busFactor":1,"significanceIndicator":"outDegreeCentrality","developers":[{"id":2,"name":"","email":"jeremylandis@hotmail.com","numberOfAuthoredFiles":0,"authorshipCoverage":0.0,"numberOfDOAFiles":8,"doaAuthorshipCoverage":0.8333333333333333}],"totalFiles":9,"coverage":0.16666666666666674},{"busFactor":1,"significanceIndicator":"betweennessCentrality","developers":[{"id":2,"name":"","email":"jeremylandis@hotmail.com","numberOfAuthoredFiles":0,"authorshipCoverage":0.0,"numberOfDOAFiles":8,"doaAuthorshipCoverage":1.0}],"totalFiles":9,"coverage":0.0}]},{"path":"/src/test/java/org/apache/ibatis/submitted/xml_external_ref","info":[{"busFactor":1,"significanceIndicator":"jetbrains","developers":[{"id":2,"name":"","email":"jeremylandis@hotmail.com","numberOfAuthoredFiles":0,"authorshipCoverage":0.0,"numberOfDOAFiles":29,"doaAuthorshipCoverage":1.0}],"totalFiles":29,"coverage":0.0},{"busFactor":1,"significanceIndicator":"pageRank","developers":[{"id":2,"name":"","email":"jeremylandis@hotmail.com","numberOfAuthoredFiles":0,"authorshipCoverage":0.0,"numberOfDOAFiles":29,"doaAuthorshipCoverage":1.0}],"totalFiles":29,"coverage":0.0},{"busFactor":1,"significanceIndicator":"degreeCentrality","developers":[{"id":2,"name":"","email":"jeremylandis@hotmail.com","numberOfAuthoredFiles":0,"authorshipCoverage":0.0,"numberOfDOAFiles":29,"doaAuthorshipCoverage":1.0}],"totalFiles":29,"coverage":0.0},{"busFactor":1,"significanceIndicator":"inDegreeCentrality","developers":[{"id":2,"name":"","email":"jeremylandis@hotmail.com","numberOfAuthoredFiles":0,"authorshipCoverage":0.0,"numberOfDOAFiles":29,"doaAuthorshipCoverage":0.9999999999999998}],"totalFiles":29,"coverage":2.220446049250313E-16},{"busFactor":1,"significanceIndicator":"outDegreeCentrality","developers":[{"id":2,"name":"","email":"jeremylandis@hotmail.com","numberOfAuthoredFiles":0,"authorshipCoverage":0.0,"numberOfDOAFiles":29,"doaAuthorshipCoverage":1.0000000000000002}],"totalFiles":29,"coverage":-2.220446049250313E-16},{"busFactor":1,"significanceIndicator":"betweennessCentrality","developers":[{"id":2,"name":"","email":"jeremylandis@hotmail.com","numberOfAuthoredFiles":0,"authorshipCoverage":0.0,"numberOfDOAFiles":29,"doaAuthorshipCoverage":1.0}],"totalFiles":29,"coverage":0.0}]},{"path":"/src/main/java/org/apache/ibatis/datasource","info":[{"busFactor":1,"significanceIndicator":"jetbrains","developers":[{"id":2,"name":"","email":"jeremylandis@hotmail.com","numberOfAuthoredFiles":0,"authorshipCoverage":0.0,"numberOfDOAFiles":13,"doaAuthorshipCoverage":1.0}],"totalFiles":13,"coverage":0.07692307692307687},{"busFactor":1,"significanceIndicator":"pageRank","developers":[{"id":2,"name":"","email":"jeremylandis@hotmail.com","numberOfAuthoredFiles":0,"authorshipCoverage":0.0,"numberOfDOAFiles":13,"doaAuthorshipCoverage":1.0000000000000002}],"totalFiles":13,"coverage":0.22547679905587903},{"busFactor":1,"significanceIndicator":"degreeCentrality","developers":[{"id":2,"name":"","email":"jeremylandis@hotmail.com","numberOfAuthoredFiles":0,"authorshipCoverage":0.0,"numberOfDOAFiles":13,"doaAuthorshipCoverage":1.0}],"totalFiles":13,"coverage":0.19718309859154948},{"busFactor":1,"significanceIndicator":"inDegreeCentrality","developers":[{"id":2,"name":"","email":"jeremylandis@hotmail.com","numberOfAuthoredFiles":0,"authorshipCoverage":0.0,"numberOfDOAFiles":13,"doaAuthorshipCoverage":1.0}],"totalFiles":13,"coverage":0.17647058823529427},{"busFactor":1,"significanceIndicator":"outDegreeCentrality","developers":[{"id":2,"name":"","email":"jeremylandis@hotmail.com","numberOfAuthoredFiles":0,"authorshipCoverage":0.0,"numberOfDOAFiles":13,"doaAuthorshipCoverage":1.0}],"totalFiles":13,"coverage":0.2500000000000001},{"busFactor":1,"significanceIndicator":"betweennessCentrality","developers":[{"id":2,"name":"","email":"jeremylandis@hotmail.com","numberOfAuthoredFiles":0,"authorshipCoverage":0.0,"numberOfDOAFiles":13,"doaAuthorshipCoverage":1.0}],"totalFiles":13,"coverage":0.3434397941925993}]},{"path":"/src/main/java/org/apache/ibatis/executor/loader","info":[{"busFactor":1,"significanceIndicator":"jetbrains","developers":[{"id":2,"name":"","email":"jeremylandis@hotmail.com","numberOfAuthoredFiles":0,"authorshipCoverage":0.0,"numberOfDOAFiles":15,"doaAuthorshipCoverage":1.0}],"totalFiles":15,"coverage":0.0},{"busFactor":1,"significanceIndicator":"pageRank","developers":[{"id":2,"name":"","email":"jeremylandis@hotmail.com","numberOfAuthoredFiles":0,"authorshipCoverage":0.0,"numberOfDOAFiles":15,"doaAuthorshipCoverage":1.0}],"totalFiles":15,"coverage":0.0},{"busFactor":1,"significanceIndicator":"degreeCentrality","developers":[{"id":2,"name":"","email":"jeremylandis@hotmail.com","numberOfAuthoredFiles":0,"authorshipCoverage":0.0,"numberOfDOAFiles":15,"doaAuthorshipCoverage":1.0}],"totalFiles":15,"coverage":0.0},{"busFactor":1,"significanceIndicator":"inDegreeCentrality","developers":[{"id":2,"name":"","email":"jeremylandis@hotmail.com","numberOfAuthoredFiles":0,"authorshipCoverage":0.0,"numberOfDOAFiles":15,"doaAuthorshipCoverage":1.0}],"totalFiles":15,"coverage":0.0},{"busFactor":1,"significanceIndicator":"outDegreeCentrality","developers":[{"id":2,"name":"","email":"jeremylandis@hotmail.com","numberOfAuthoredFiles":0,"authorshipCoverage":0.0,"numberOfDOAFiles":15,"doaAuthorshipCoverage":1.0000000000000002}],"totalFiles":15,"coverage":-2.220446049250313E-16},{"busFactor":1,"significanceIndicator":"betweennessCentrality","developers":[{"id":2,"name":"","email":"jeremylandis@hotmail.com","numberOfAuthoredFiles":0,"authorshipCoverage":0.0,"numberOfDOAFiles":15,"doaAuthorshipCoverage":0.9999999999999999}],"totalFiles":15,"coverage":1.1102230246251565E-16}]},{"path":"/src/main/java/org/apache/ibatis/scripting/xmltags","info":[{"busFactor":1,"significanceIndicator":"jetbrains","developers":[{"id":2,"name":"","email":"jeremylandis@hotmail.com","numberOfAuthoredFiles":0,"authorshipCoverage":0.0,"numberOfDOAFiles":20,"doaAuthorshipCoverage":1.0}],"totalFiles":20,"coverage":0.0},{"busFactor":1,"significanceIndicator":"pageRank","developers":[{"id":2,"name":"","email":"jeremylandis@hotmail.com","numberOfAuthoredFiles":0,"authorshipCoverage":0.0,"numberOfDOAFiles":20,"doaAuthorshipCoverage":1.0}],"totalFiles":20,"coverage":0.0},{"busFactor":1,"significanceIndicator":"degreeCentrality","developers":[{"id":2,"name":"","email":"jeremylandis@hotmail.com","numberOfAuthoredFiles":0,"authorshipCoverage":0.0,"numberOfDOAFiles":20,"doaAuthorshipCoverage":1.0000000000000002}],"totalFiles":20,"coverage":-2.220446049250313E-16},{"busFactor":1,"significanceIndicator":"inDegreeCentrality","developers":[{"id":2,"name":"","email":"jeremylandis@hotmail.com","numberOfAuthoredFiles":0,"authorshipCoverage":0.0,"numberOfDOAFiles":20,"doaAuthorshipCoverage":1.0}],"totalFiles":20,"coverage":0.0},{"busFactor":1,"significanceIndicator":"outDegreeCentrality","developers":[{"id":2,"name":"","email":"jeremylandis@hotmail.com","numberOfAuthoredFiles":0,"authorshipCoverage":0.0,"numberOfDOAFiles":20,"doaAuthorshipCoverage":1.0}],"totalFiles":20,"coverage":0.0},{"busFactor":1,"significanceIndicator":"betweennessCentrality","developers":[{"id":2,"name":"","email":"jeremylandis@hotmail.com","numberOfAuthoredFiles":0,"authorshipCoverage":0.0,"numberOfDOAFiles":20,"doaAuthorshipCoverage":0.9999999999999999}],"totalFiles":20,"coverage":1.1102230246251565E-16}]},{"path":"/src/main/java/org/apache/ibatis/logging","info":[{"busFactor":1,"significanceIndicator":"jetbrains","developers":[{"id":2,"name":"","email":"jeremylandis@hotmail.com","numberOfAuthoredFiles":0,"authorshipCoverage":0.0,"numberOfDOAFiles":28,"doaAuthorshipCoverage":1.0}],"totalFiles":28,"coverage":0.0},{"busFactor":1,"significanceIndicator":"pageRank","developers":[{"id":2,"name":"","email":"jeremylandis@hotmail.com","numberOfAuthoredFiles":0,"authorshipCoverage":0.0,"numberOfDOAFiles":28,"doaAuthorshipCoverage":1.0}],"totalFiles":28,"coverage":0.0},{"busFactor":1,"significanceIndicator":"degreeCentrality","developers":[{"id":2,"name":"","email":"jeremylandis@hotmail.com","numberOfAuthoredFiles":0,"authorshipCoverage":0.0,"numberOfDOAFiles":28,"doaAuthorshipCoverage":1.0}],"totalFiles":28,"coverage":0.0},{"busFactor":1,"significanceIndicator":"inDegreeCentrality","developers":[{"id":2,"name":"","email":"jeremylandis@hotmail.com","numberOfAuthoredFiles":0,"authorshipCoverage":0.0,"numberOfDOAFiles":28,"doaAuthorshipCoverage":1.0000000000000002}],"totalFiles":28,"coverage":-2.220446049250313E-16},{"busFactor":1,"significanceIndicator":"outDegreeCentrality","developers":[{"id":2,"name":"","email":"jeremylandis@hotmail.com","numberOfAuthoredFiles":0,"authorshipCoverage":0.0,"numberOfDOAFiles":28,"doaAuthorshipCoverage":0.9999999999999998}],"totalFiles":28,"coverage":2.220446049250313E-16},{"busFactor":1,"significanceIndicator":"betweennessCentrality","developers":[{"id":2,"name":"","email":"jeremylandis@hotmail.com","numberOfAuthoredFiles":0,"authorshipCoverage":0.0,"numberOfDOAFiles":28,"doaAuthorshipCoverage":1.0}],"totalFiles":28,"coverage":0.0}]},{"path":"/src/main/java/org/apache/ibatis/builder/annotation","info":[{"busFactor":1,"significanceIndicator":"jetbrains","developers":[{"id":2,"name":"","email":"jeremylandis@hotmail.com","numberOfAuthoredFiles":0,"authorshipCoverage":0.0,"numberOfDOAFiles":5,"doaAuthorshipCoverage":0.8333333333333334}],"totalFiles":6,"coverage":0.16666666666666663},{"busFactor":1,"significanceIndicator":"pageRank","developers":[{"id":2,"name":"","email":"jeremylandis@hotmail.com","numberOfAuthoredFiles":0,"authorshipCoverage":0.0,"numberOfDOAFiles":5,"doaAuthorshipCoverage":0.8597587237437012}],"totalFiles":6,"coverage":0.14024127625629879},{"busFactor":1,"significanceIndicator":"degreeCentrality","developers":[{"id":1,"name":"","email":"harawata@gmail.com","numberOfAuthoredFiles":0,"authorshipCoverage":0.0,"numberOfDOAFiles":1,"doaAuthorshipCoverage":0.6741573033707866}],"totalFiles":6,"coverage":0.3258426966292134},{"busFactor":1,"significanceIndicator":"inDegreeCentrality","developers":[{"id":2,"name":"","email":"jeremylandis@hotmail.com","numberOfAuthoredFiles":0,"authorshipCoverage":0.0,"numberOfDOAFiles":5,"doaAuthorshipCoverage":0.8421052631578947}],"totalFiles":6,"coverage":0.1578947368421053},{"busFactor":1,"significanceIndicator":"outDegreeCentrality","developers":[{"id":1,"name":"","email":"harawata@gmail.com","numberOfAuthoredFiles":0,"authorshipCoverage":0.0,"numberOfDOAFiles":1,"doaAuthorshipCoverage":0.8142857142857144}],"totalFiles":6,"coverage":0.1857142857142856},{"busFactor":1,"significanceIndicator":"betweennessCentrality","developers":[{"id":1,"name":"","email":"harawata@gmail.com","numberOfAuthoredFiles":0,"authorshipCoverage":0.0,"numberOfDOAFiles":1,"doaAuthorshipCoverage":0.6490736359610263}],"totalFiles":6,"coverage":0.3509263640389737}]},{"path":"/src/main/java/org/apache/ibatis/jdbc","info":[{"busFactor":1,"significanceIndicator":"jetbrains","developers":[{"id":2,"name":"","email":"jeremylandis@hotmail.com","numberOfAuthoredFiles":0,"authorshipCoverage":0.0,"numberOfDOAFiles":9,"doaAuthorshipCoverage":1.0}],"totalFiles":9,"coverage":0.0},{"busFactor":1,"significanceIndicator":"pageRank","developers":[{"id":2,"name":"","email":"jeremylandis@hotmail.com","numberOfAuthoredFiles":0,"authorshipCoverage":0.0,"numberOfDOAFiles":9,"doaAuthorshipCoverage":1.0000000000000002}],"totalFiles":9,"coverage":-2.220446049250313E-16},{"busFactor":1,"significanceIndicator":"degreeCentrality","developers":[{"id":2,"name":"","email":"jeremylandis@hotmail.com","numberOfAuthoredFiles":0,"authorshipCoverage":0.0,"numberOfDOAFiles":9,"doaAuthorshipCoverage":1.0}],"totalFiles":9,"coverage":0.0},{"busFactor":1,"significanceIndicator":"inDegreeCentrality","developers":[{"id":2,"name":"","email":"jeremylandis@hotmail.com","numberOfAuthoredFiles":0,"authorshipCoverage":0.0,"numberOfDOAFiles":9,"doaAuthorshipCoverage":1.0}],"totalFiles":9,"coverage":0.0},{"busFactor":1,"significanceIndicator":"outDegreeCentrality","developers":[{"id":2,"name":"","email":"jeremylandis@hotmail.com","numberOfAuthoredFiles":0,"authorshipCoverage":0.0,"numberOfDOAFiles":9,"doaAuthorshipCoverage":0.9999999999999998}],"totalFiles":9,"coverage":2.220446049250313E-16},{"busFactor":1,"significanceIndicator":"betweennessCentrality","developers":[{"id":2,"name":"","email":"jeremylandis@hotmail.com","numberOfAuthoredFiles":0,"authorshipCoverage":0.0,"numberOfDOAFiles":9,"doaAuthorshipCoverage":1.0}],"totalFiles":9,"coverage":0.0}]},{"path":"/src/test/java/org/apache/ibatis/submitted/repeatable","info":[{"busFactor":1,"significanceIndicator":"jetbrains","developers":[{"id":2,"name":"","email":"jeremylandis@hotmail.com","numberOfAuthoredFiles":0,"authorshipCoverage":0.0,"numberOfDOAFiles":10,"doaAuthorshipCoverage":1.0}],"totalFiles":10,"coverage":0.0},{"busFactor":1,"significanceIndicator":"pageRank","developers":[{"id":2,"name":"","email":"jeremylandis@hotmail.com","numberOfAuthoredFiles":0,"authorshipCoverage":0.0,"numberOfDOAFiles":10,"doaAuthorshipCoverage":1.0}],"totalFiles":10,"coverage":0.0},{"busFactor":1,"significanceIndicator":"degreeCentrality","developers":[{"id":2,"name":"","email":"jeremylandis@hotmail.com","numberOfAuthoredFiles":0,"authorshipCoverage":0.0,"numberOfDOAFiles":10,"doaAuthorshipCoverage":1.0}],"totalFiles":10,"coverage":0.0},{"busFactor":1,"significanceIndicator":"inDegreeCentrality","developers":[{"id":2,"name":"","email":"jeremylandis@hotmail.com","numberOfAuthoredFiles":0,"authorshipCoverage":0.0,"numberOfDOAFiles":10,"doaAuthorshipCoverage":1.0}],"totalFiles":10,"coverage":0.0},{"busFactor":1,"significanceIndicator":"outDegreeCentrality","developers":[{"id":2,"name":"","email":"jeremylandis@hotmail.com","numberOfAuthoredFiles":0,"authorshipCoverage":0.0,"numberOfDOAFiles":10,"doaAuthorshipCoverage":1.0000000000000002}],"totalFiles":10,"coverage":-2.220446049250313E-16},{"busFactor":1,"significanceIndicator":"betweennessCentrality","developers":[{"id":2,"name":"","email":"jeremylandis@hotmail.com","numberOfAuthoredFiles":0,"authorshipCoverage":0.0,"numberOfDOAFiles":10,"doaAuthorshipCoverage":1.0}],"totalFiles":10,"coverage":0.0}]},{"path":"/src/main/java/org/apache/ibatis/cache","info":[{"busFactor":1,"significanceIndicator":"jetbrains","developers":[{"id":2,"name":"","email":"jeremylandis@hotmail.com","numberOfAuthoredFiles":0,"authorshipCoverage":0.0,"numberOfDOAFiles":19,"doaAuthorshipCoverage":1.0}],"totalFiles":19,"coverage":0.0},{"busFactor":1,"significanceIndicator":"pageRank","developers":[{"id":2,"name":"","email":"jeremylandis@hotmail.com","numberOfAuthoredFiles":0,"authorshipCoverage":0.0,"numberOfDOAFiles":19,"doaAuthorshipCoverage":1.0}],"totalFiles":19,"coverage":0.0},{"busFactor":1,"significanceIndicator":"degreeCentrality","developers":[{"id":2,"name":"","email":"jeremylandis@hotmail.com","numberOfAuthoredFiles":0,"authorshipCoverage":0.0,"numberOfDOAFiles":19,"doaAuthorshipCoverage":0.9999999999999999}],"totalFiles":19,"coverage":1.1102230246251565E-16},{"busFactor":1,"significanceIndicator":"inDegreeCentrality","developers":[{"id":2,"name":"","email":"jeremylandis@hotmail.com","numberOfAuthoredFiles":0,"authorshipCoverage":0.0,"numberOfDOAFiles":19,"doaAuthorshipCoverage":1.0}],"totalFiles":19,"coverage":0.0},{"busFactor":1,"significanceIndicator":"outDegreeCentrality","developers":[{"id":2,"name":"","email":"jeremylandis@hotmail.com","numberOfAuthoredFiles":0,"authorshipCoverage":0.0,"numberOfDOAFiles":19,"doaAuthorshipCoverage":0.9999999999999998}],"totalFiles":19,"coverage":2.220446049250313E-16},{"busFactor":1,"significanceIndicator":"betweennessCentrality","developers":[{"id":2,"name":"","email":"jeremylandis@hotmail.com","numberOfAuthoredFiles":0,"authorshipCoverage":0.0,"numberOfDOAFiles":19,"doaAuthorshipCoverage":1.0000000000000002}],"totalFiles":19,"coverage":-2.220446049250313E-16}]},{"path":"/src/test/java/org/apache/ibatis/session","info":[{"busFactor":1,"significanceIndicator":"jetbrains","developers":[{"id":2,"name":"","email":"jeremylandis@hotmail.com","numberOfAuthoredFiles":0,"authorshipCoverage":0.0,"numberOfDOAFiles":3,"doaAuthorshipCoverage":1.0}],"totalFiles":3,"coverage":0.0},{"busFactor":1,"significanceIndicator":"pageRank","developers":[{"id":2,"name":"","email":"jeremylandis@hotmail.com","numberOfAuthoredFiles":0,"authorshipCoverage":0.0,"numberOfDOAFiles":3,"doaAuthorshipCoverage":1.0}],"totalFiles":3,"coverage":0.0},{"busFactor":1,"significanceIndicator":"degreeCentrality","developers":[{"id":2,"name":"","email":"jeremylandis@hotmail.com","numberOfAuthoredFiles":0,"authorshipCoverage":0.0,"numberOfDOAFiles":3,"doaAuthorshipCoverage":1.0}],"totalFiles":3,"coverage":0.0},{"busFactor":0,"significanceIndicator":"inDegreeCentrality","developers":[],"totalFiles":3,"coverage":1.0},{"busFactor":1,"significanceIndicator":"outDegreeCentrality","developers":[{"id":2,"name":"","email":"jeremylandis@hotmail.com","numberOfAuthoredFiles":0,"authorshipCoverage":0.0,"numberOfDOAFiles":3,"doaAuthorshipCoverage":1.0}],"totalFiles":3,"coverage":0.0},{"busFactor":0,"significanceIndicator":"betweennessCentrality","developers":[],"totalFiles":3,"coverage":1.0}]},{"path":"/src/test/java/org/apache/ibatis/jdbc","info":[{"busFactor":1,"significanceIndicator":"jetbrains","developers":[{"id":2,"name":"","email":"jeremylandis@hotmail.com","numberOfAuthoredFiles":0,"authorshipCoverage":0.0,"numberOfDOAFiles":7,"doaAuthorshipCoverage":1.0}],"totalFiles":7,"coverage":0.0},{"busFactor":1,"significanceIndicator":"pageRank","developers":[{"id":2,"name":"","email":"jeremylandis@hotmail.com","numberOfAuthoredFiles":0,"authorshipCoverage":0.0,"numberOfDOAFiles":7,"doaAuthorshipCoverage":1.0}],"totalFiles":7,"coverage":0.0},{"busFactor":1,"significanceIndicator":"degreeCentrality","developers":[{"id":2,"name":"","email":"jeremylandis@hotmail.com","numberOfAuthoredFiles":0,"authorshipCoverage":0.0,"numberOfDOAFiles":7,"doaAuthorshipCoverage":1.0000000000000002}],"totalFiles":7,"coverage":-2.220446049250313E-16},{"busFactor":0,"significanceIndicator":"inDegreeCentrality","developers":[],"totalFiles":7,"coverage":1.0},{"busFactor":1,"significanceIndicator":"outDegreeCentrality","developers":[{"id":2,"name":"","email":"jeremylandis@hotmail.com","numberOfAuthoredFiles":0,"authorshipCoverage":0.0,"numberOfDOAFiles":7,"doaAuthorshipCoverage":1.0000000000000002}],"totalFiles":7,"coverage":-2.220446049250313E-16},{"busFactor":0,"significanceIndicator":"betweennessCentrality","developers":[],"totalFiles":7,"coverage":1.0}]},{"path":"/src/main/java/org/apache/ibatis/datasource/pooled","info":[{"busFactor":1,"significanceIndicator":"jetbrains","developers":[{"id":2,"name":"","email":"jeremylandis@hotmail.com","numberOfAuthoredFiles":0,"authorshipCoverage":0.0,"numberOfDOAFiles":5,"doaAuthorshipCoverage":1.0}],"totalFiles":5,"coverage":0.19999999999999996},{"busFactor":1,"significanceIndicator":"pageRank","developers":[{"id":2,"name":"","email":"jeremylandis@hotmail.com","numberOfAuthoredFiles":0,"authorshipCoverage":0.0,"numberOfDOAFiles":5,"doaAuthorshipCoverage":1.0}],"totalFiles":5,"coverage":0.4934516082558572},{"busFactor":2,"significanceIndicator":"degreeCentrality","developers":[{"id":2,"name":"","email":"jeremylandis@hotmail.com","numberOfAuthoredFiles":0,"authorshipCoverage":0.0,"numberOfDOAFiles":5,"doaAuthorshipCoverage":1.0},{"id":10,"name":"","email":"edwin.wu05@gmail.com","numberOfAuthoredFiles":0,"authorshipCoverage":0.0,"numberOfDOAFiles":1,"doaAuthorshipCoverage":0.5599999999999999}],"totalFiles":5,"coverage":0.0},{"busFactor":2,"significanceIndicator":"inDegreeCentrality","developers":[{"id":2,"name":"","email":"jeremylandis@hotmail.com","numberOfAuthoredFiles":0,"authorshipCoverage":0.0,"numberOfDOAFiles":5,"doaAuthorshipCoverage":1.0},{"id":10,"name":"","email":"edwin.wu05@gmail.com","numberOfAuthoredFiles":0,"authorshipCoverage":0.0,"numberOfDOAFiles":1,"doaAuthorshipCoverage":0.6428571428571429}],"totalFiles":5,"coverage":0.0},{"busFactor":1,"significanceIndicator":"outDegreeCentrality","developers":[{"id":2,"name":"","email":"jeremylandis@hotmail.com","numberOfAuthoredFiles":0,"authorshipCoverage":0.0,"numberOfDOAFiles":5,"doaAuthorshipCoverage":1.0}],"totalFiles":5,"coverage":0.4545454545454546},{"busFactor":2,"significanceIndicator":"betweennessCentrality","developers":[{"id":2,"name":"","email":"jeremylandis@hotmail.com","numberOfAuthoredFiles":0,"authorshipCoverage":0.0,"numberOfDOAFiles":5,"doaAuthorshipCoverage":1.0},{"id":10,"name":"","email":"edwin.wu05@gmail.com","numberOfAuthoredFiles":0,"authorshipCoverage":0.0,"numberOfDOAFiles":1,"doaAuthorshipCoverage":0.579439142962136}],"totalFiles":5,"coverage":0.0}]},{"path":"/src/test/java/org/apache/ibatis/submitted/sptests","info":[{"busFactor":1,"significanceIndicator":"jetbrains","developers":[{"id":2,"name":"","email":"jeremylandis@hotmail.com","numberOfAuthoredFiles":0,"authorshipCoverage":0.0,"numberOfDOAFiles":7,"doaAuthorshipCoverage":1.0}],"totalFiles":7,"coverage":0.0},{"busFactor":1,"significanceIndicator":"pageRank","developers":[{"id":2,"name":"","email":"jeremylandis@hotmail.com","numberOfAuthoredFiles":0,"authorshipCoverage":0.0,"numberOfDOAFiles":7,"doaAuthorshipCoverage":1.0}],"totalFiles":7,"coverage":0.0},{"busFactor":1,"significanceIndicator":"degreeCentrality","developers":[{"id":2,"name":"","email":"jeremylandis@hotmail.com","numberOfAuthoredFiles":0,"authorshipCoverage":0.0,"numberOfDOAFiles":7,"doaAuthorshipCoverage":0.9999999999999999}],"totalFiles":7,"coverage":1.1102230246251565E-16},{"busFactor":1,"significanceIndicator":"inDegreeCentrality","developers":[{"id":2,"name":"","email":"jeremylandis@hotmail.com","numberOfAuthoredFiles":0,"authorshipCoverage":0.0,"numberOfDOAFiles":7,"doaAuthorshipCoverage":1.0}],"totalFiles":7,"coverage":0.0},{"busFactor":1,"significanceIndicator":"outDegreeCentrality","developers":[{"id":2,"name":"","email":"jeremylandis@hotmail.com","numberOfAuthoredFiles":0,"authorshipCoverage":0.0,"numberOfDOAFiles":7,"doaAuthorshipCoverage":1.0}],"totalFiles":7,"coverage":0.0},{"busFactor":1,"significanceIndicator":"betweennessCentrality","developers":[{"id":2,"name":"","email":"jeremylandis@hotmail.com","numberOfAuthoredFiles":0,"authorshipCoverage":0.0,"numberOfDOAFiles":7,"doaAuthorshipCoverage":1.0}],"totalFiles":7,"coverage":0.0}]},{"path":"/src/test/java/org/apache/ibatis/submitted/keygen","info":[{"busFactor":1,"significanceIndicator":"jetbrains","developers":[{"id":2,"name":"","email":"jeremylandis@hotmail.com","numberOfAuthoredFiles":0,"authorshipCoverage":0.0,"numberOfDOAFiles":5,"doaAuthorshipCoverage":1.0}],"totalFiles":5,"coverage":0.0},{"busFactor":1,"significanceIndicator":"pageRank","developers":[{"id":2,"name":"","email":"jeremylandis@hotmail.com","numberOfAuthoredFiles":0,"authorshipCoverage":0.0,"numberOfDOAFiles":5,"doaAuthorshipCoverage":1.0}],"totalFiles":5,"coverage":0.0},{"busFactor":1,"significanceIndicator":"degreeCentrality","developers":[{"id":2,"name":"","email":"jeremylandis@hotmail.com","numberOfAuthoredFiles":0,"authorshipCoverage":0.0,"numberOfDOAFiles":5,"doaAuthorshipCoverage":1.0}],"totalFiles":5,"coverage":0.0},{"busFactor":1,"significanceIndicator":"inDegreeCentrality","developers":[{"id":2,"name":"","email":"jeremylandis@hotmail.com","numberOfAuthoredFiles":0,"authorshipCoverage":0.0,"numberOfDOAFiles":5,"doaAuthorshipCoverage":1.0}],"totalFiles":5,"coverage":0.0},{"busFactor":1,"significanceIndicator":"outDegreeCentrality","developers":[{"id":2,"name":"","email":"jeremylandis@hotmail.com","numberOfAuthoredFiles":0,"authorshipCoverage":0.0,"numberOfDOAFiles":5,"doaAuthorshipCoverage":1.0}],"totalFiles":5,"coverage":0.0},{"busFactor":1,"significanceIndicator":"betweennessCentrality","developers":[{"id":2,"name":"","email":"jeremylandis@hotmail.com","numberOfAuthoredFiles":0,"authorshipCoverage":0.0,"numberOfDOAFiles":5,"doaAuthorshipCoverage":1.0}],"totalFiles":5,"coverage":0.0}]},{"path":"/src/test/java/org/apache/ibatis/domain/blog","info":[{"busFactor":1,"significanceIndicator":"jetbrains","developers":[{"id":2,"name":"","email":"jeremylandis@hotmail.com","numberOfAuthoredFiles":0,"authorshipCoverage":0.0,"numberOfDOAFiles":19,"doaAuthorshipCoverage":1.0}],"totalFiles":19,"coverage":0.0},{"busFactor":1,"significanceIndicator":"pageRank","developers":[{"id":2,"name":"","email":"jeremylandis@hotmail.com","numberOfAuthoredFiles":0,"authorshipCoverage":0.0,"numberOfDOAFiles":19,"doaAuthorshipCoverage":1.0}],"totalFiles":19,"coverage":0.0},{"busFactor":1,"significanceIndicator":"degreeCentrality","developers":[{"id":2,"name":"","email":"jeremylandis@hotmail.com","numberOfAuthoredFiles":0,"authorshipCoverage":0.0,"numberOfDOAFiles":19,"doaAuthorshipCoverage":1.0}],"totalFiles":19,"coverage":0.0},{"busFactor":1,"significanceIndicator":"inDegreeCentrality","developers":[{"id":2,"name":"","email":"jeremylandis@hotmail.com","numberOfAuthoredFiles":0,"authorshipCoverage":0.0,"numberOfDOAFiles":19,"doaAuthorshipCoverage":1.0}],"totalFiles":19,"coverage":0.0},{"busFactor":1,"significanceIndicator":"outDegreeCentrality","developers":[{"id":2,"name":"","email":"jeremylandis@hotmail.com","numberOfAuthoredFiles":0,"authorshipCoverage":0.0,"numberOfDOAFiles":19,"doaAuthorshipCoverage":0.9999999999999998}],"totalFiles":19,"coverage":2.220446049250313E-16},{"busFactor":1,"significanceIndicator":"betweennessCentrality","developers":[{"id":2,"name":"","email":"jeremylandis@hotmail.com","numberOfAuthoredFiles":0,"authorshipCoverage":0.0,"numberOfDOAFiles":19,"doaAuthorshipCoverage":1.0}],"totalFiles":19,"coverage":0.0}]},{"path":"/src/main/java/org/apache/ibatis/cache/decorators","info":[{"busFactor":1,"significanceIndicator":"jetbrains","developers":[{"id":2,"name":"","email":"jeremylandis@hotmail.com","numberOfAuthoredFiles":0,"authorshipCoverage":0.0,"numberOfDOAFiles":11,"doaAuthorshipCoverage":1.0}],"totalFiles":11,"coverage":0.0},{"busFactor":1,"significanceIndicator":"pageRank","developers":[{"id":2,"name":"","email":"jeremylandis@hotmail.com","numberOfAuthoredFiles":0,"authorshipCoverage":0.0,"numberOfDOAFiles":11,"doaAuthorshipCoverage":0.9999999999999999}],"totalFiles":11,"coverage":1.1102230246251565E-16},{"busFactor":1,"significanceIndicator":"degreeCentrality","developers":[{"id":2,"name":"","email":"jeremylandis@hotmail.com","numberOfAuthoredFiles":0,"authorshipCoverage":0.0,"numberOfDOAFiles":11,"doaAuthorshipCoverage":1.0}],"totalFiles":11,"coverage":0.0},{"busFactor":1,"significanceIndicator":"inDegreeCentrality","developers":[{"id":2,"name":"","email":"jeremylandis@hotmail.com","numberOfAuthoredFiles":0,"authorshipCoverage":0.0,"numberOfDOAFiles":11,"doaAuthorshipCoverage":1.0000000000000002}],"totalFiles":11,"coverage":-2.220446049250313E-16},{"busFactor":1,"significanceIndicator":"outDegreeCentrality","developers":[{"id":2,"name":"","email":"jeremylandis@hotmail.com","numberOfAuthoredFiles":0,"authorshipCoverage":0.0,"numberOfDOAFiles":11,"doaAuthorshipCoverage":1.0}],"totalFiles":11,"coverage":0.0},{"busFactor":1,"significanceIndicator":"betweennessCentrality","developers":[{"id":2,"name":"","email":"jeremylandis@hotmail.com","numberOfAuthoredFiles":0,"authorshipCoverage":0.0,"numberOfDOAFiles":11,"doaAuthorshipCoverage":1.0000000000000002}],"totalFiles":11,"coverage":-2.220446049250313E-16}]},{"path":"/src/main/java/org/apache/ibatis/parsing","info":[{"busFactor":1,"significanceIndicator":"jetbrains","developers":[{"id":2,"name":"","email":"jeremylandis@hotmail.com","numberOfAuthoredFiles":0,"authorshipCoverage":0.0,"numberOfDOAFiles":7,"doaAuthorshipCoverage":1.0}],"totalFiles":7,"coverage":0.0},{"busFactor":1,"significanceIndicator":"pageRank","developers":[{"id":2,"name":"","email":"jeremylandis@hotmail.com","numberOfAuthoredFiles":0,"authorshipCoverage":0.0,"numberOfDOAFiles":7,"doaAuthorshipCoverage":1.0000000000000002}],"totalFiles":7,"coverage":-2.220446049250313E-16},{"busFactor":1,"significanceIndicator":"degreeCentrality","developers":[{"id":2,"name":"","email":"jeremylandis@hotmail.com","numberOfAuthoredFiles":0,"authorshipCoverage":0.0,"numberOfDOAFiles":7,"doaAuthorshipCoverage":1.0000000000000002}],"totalFiles":7,"coverage":-2.220446049250313E-16},{"busFactor":1,"significanceIndicator":"inDegreeCentrality","developers":[{"id":2,"name":"","email":"jeremylandis@hotmail.com","numberOfAuthoredFiles":0,"authorshipCoverage":0.0,"numberOfDOAFiles":7,"doaAuthorshipCoverage":1.0}],"totalFiles":7,"coverage":0.0},{"busFactor":1,"significanceIndicator":"outDegreeCentrality","developers":[{"id":2,"name":"","email":"jeremylandis@hotmail.com","numberOfAuthoredFiles":0,"authorshipCoverage":0.0,"numberOfDOAFiles":7,"doaAuthorshipCoverage":1.0}],"totalFiles":7,"coverage":0.0},{"busFactor":1,"significanceIndicator":"betweennessCentrality","developers":[{"id":2,"name":"","email":"jeremylandis@hotmail.com","numberOfAuthoredFiles":0,"authorshipCoverage":0.0,"numberOfDOAFiles":7,"doaAuthorshipCoverage":1.0}],"totalFiles":7,"coverage":0.0}]},{"path":"/src/main/java/org/apache/ibatis/binding","info":[{"busFactor":1,"significanceIndicator":"jetbrains","developers":[{"id":2,"name":"","email":"jeremylandis@hotmail.com","numberOfAuthoredFiles":0,"authorshipCoverage":0.0,"numberOfDOAFiles":6,"doaAuthorshipCoverage":1.0}],"totalFiles":6,"coverage":0.0},{"busFactor":1,"significanceIndicator":"pageRank","developers":[{"id":2,"name":"","email":"jeremylandis@hotmail.com","numberOfAuthoredFiles":0,"authorshipCoverage":0.0,"numberOfDOAFiles":6,"doaAuthorshipCoverage":1.0}],"totalFiles":6,"coverage":0.0},{"busFactor":1,"significanceIndicator":"degreeCentrality","developers":[{"id":2,"name":"","email":"jeremylandis@hotmail.com","numberOfAuthoredFiles":0,"authorshipCoverage":0.0,"numberOfDOAFiles":6,"doaAuthorshipCoverage":1.0}],"totalFiles":6,"coverage":0.0},{"busFactor":1,"significanceIndicator":"inDegreeCentrality","developers":[{"id":2,"name":"","email":"jeremylandis@hotmail.com","numberOfAuthoredFiles":0,"authorshipCoverage":0.0,"numberOfDOAFiles":6,"doaAuthorshipCoverage":1.0}],"totalFiles":6,"coverage":0.0},{"busFactor":1,"significanceIndicator":"outDegreeCentrality","developers":[{"id":2,"name":"","email":"jeremylandis@hotmail.com","numberOfAuthoredFiles":0,"authorshipCoverage":0.0,"numberOfDOAFiles":6,"doaAuthorshipCoverage":1.0}],"totalFiles":6,"coverage":0.0},{"busFactor":1,"significanceIndicator":"betweennessCentrality","developers":[{"id":2,"name":"","email":"jeremylandis@hotmail.com","numberOfAuthoredFiles":0,"authorshipCoverage":0.0,"numberOfDOAFiles":6,"doaAuthorshipCoverage":1.0}],"totalFiles":6,"coverage":0.0}]},{"path":"/src/test/java/org/apache/ibatis/submitted/cursor_simple","info":[{"busFactor":1,"significanceIndicator":"jetbrains","developers":[{"id":2,"name":"","email":"jeremylandis@hotmail.com","numberOfAuthoredFiles":0,"authorshipCoverage":0.0,"numberOfDOAFiles":6,"doaAuthorshipCoverage":1.0}],"totalFiles":6,"coverage":0.0},{"busFactor":1,"significanceIndicator":"pageRank","developers":[{"id":2,"name":"","email":"jeremylandis@hotmail.com","numberOfAuthoredFiles":0,"authorshipCoverage":0.0,"numberOfDOAFiles":6,"doaAuthorshipCoverage":1.0}],"totalFiles":6,"coverage":0.0},{"busFactor":1,"significanceIndicator":"degreeCentrality","developers":[{"id":2,"name":"","email":"jeremylandis@hotmail.com","numberOfAuthoredFiles":0,"authorshipCoverage":0.0,"numberOfDOAFiles":6,"doaAuthorshipCoverage":1.0}],"totalFiles":6,"coverage":0.0},{"busFactor":1,"significanceIndicator":"inDegreeCentrality","developers":[{"id":2,"name":"","email":"jeremylandis@hotmail.com","numberOfAuthoredFiles":0,"authorshipCoverage":0.0,"numberOfDOAFiles":6,"doaAuthorshipCoverage":1.0}],"totalFiles":6,"coverage":0.0},{"busFactor":1,"significanceIndicator":"outDegreeCentrality","developers":[{"id":2,"name":"","email":"jeremylandis@hotmail.com","numberOfAuthoredFiles":0,"authorshipCoverage":0.0,"numberOfDOAFiles":6,"doaAuthorshipCoverage":1.0}],"totalFiles":6,"coverage":0.0},{"busFactor":1,"significanceIndicator":"betweennessCentrality","developers":[{"id":2,"name":"","email":"jeremylandis@hotmail.com","numberOfAuthoredFiles":0,"authorshipCoverage":0.0,"numberOfDOAFiles":6,"doaAuthorshipCoverage":1.0}],"totalFiles":6,"coverage":0.0}]},{"path":"/src/test/java/org/apache/ibatis/domain/jpetstore","info":[{"busFactor":1,"significanceIndicator":"jetbrains","developers":[{"id":2,"name":"","email":"jeremylandis@hotmail.com","numberOfAuthoredFiles":0,"authorshipCoverage":0.0,"numberOfDOAFiles":9,"doaAuthorshipCoverage":1.0}],"totalFiles":9,"coverage":0.0},{"busFactor":1,"significanceIndicator":"pageRank","developers":[{"id":2,"name":"","email":"jeremylandis@hotmail.com","numberOfAuthoredFiles":0,"authorshipCoverage":0.0,"numberOfDOAFiles":9,"doaAuthorshipCoverage":1.0}],"totalFiles":9,"coverage":0.0},{"busFactor":1,"significanceIndicator":"degreeCentrality","developers":[{"id":2,"name":"","email":"jeremylandis@hotmail.com","numberOfAuthoredFiles":0,"authorshipCoverage":0.0,"numberOfDOAFiles":9,"doaAuthorshipCoverage":1.0}],"totalFiles":9,"coverage":0.0},{"busFactor":1,"significanceIndicator":"inDegreeCentrality","developers":[{"id":2,"name":"","email":"jeremylandis@hotmail.com","numberOfAuthoredFiles":0,"authorshipCoverage":0.0,"numberOfDOAFiles":9,"doaAuthorshipCoverage":1.0}],"totalFiles":9,"coverage":0.0},{"busFactor":1,"significanceIndicator":"outDegreeCentrality","developers":[{"id":2,"name":"","email":"jeremylandis@hotmail.com","numberOfAuthoredFiles":0,"authorshipCoverage":0.0,"numberOfDOAFiles":9,"doaAuthorshipCoverage":1.0}],"totalFiles":9,"coverage":0.0},{"busFactor":1,"significanceIndicator":"betweennessCentrality","developers":[{"id":2,"name":"","email":"jeremylandis@hotmail.com","numberOfAuthoredFiles":0,"authorshipCoverage":0.0,"numberOfDOAFiles":9,"doaAuthorshipCoverage":1.0}],"totalFiles":9,"coverage":0.0}]},{"path":"/src/main/java/org/apache/ibatis/executor/statement","info":[{"busFactor":1,"significanceIndicator":"jetbrains","developers":[{"id":2,"name":"","email":"jeremylandis@hotmail.com","numberOfAuthoredFiles":0,"authorshipCoverage":0.0,"numberOfDOAFiles":8,"doaAuthorshipCoverage":1.0}],"totalFiles":8,"coverage":0.0},{"busFactor":1,"significanceIndicator":"pageRank","developers":[{"id":2,"name":"","email":"jeremylandis@hotmail.com","numberOfAuthoredFiles":0,"authorshipCoverage":0.0,"numberOfDOAFiles":8,"doaAuthorshipCoverage":1.0}],"totalFiles":8,"coverage":0.0},{"busFactor":1,"significanceIndicator":"degreeCentrality","developers":[{"id":2,"name":"","email":"jeremylandis@hotmail.com","numberOfAuthoredFiles":0,"authorshipCoverage":0.0,"numberOfDOAFiles":8,"doaAuthorshipCoverage":1.0}],"totalFiles":8,"coverage":0.0},{"busFactor":1,"significanceIndicator":"inDegreeCentrality","developers":[{"id":2,"name":"","email":"jeremylandis@hotmail.com","numberOfAuthoredFiles":0,"authorshipCoverage":0.0,"numberOfDOAFiles":8,"doaAuthorshipCoverage":1.0}],"totalFiles":8,"coverage":0.0},{"busFactor":1,"significanceIndicator":"outDegreeCentrality","developers":[{"id":2,"name":"","email":"jeremylandis@hotmail.com","numberOfAuthoredFiles":0,"authorshipCoverage":0.0,"numberOfDOAFiles":8,"doaAuthorshipCoverage":0.9999999999999997}],"totalFiles":8,"coverage":3.3306690738754696E-16},{"busFactor":1,"significanceIndicator":"betweennessCentrality","developers":[{"id":2,"name":"","email":"jeremylandis@hotmail.com","numberOfAuthoredFiles":0,"authorshipCoverage":0.0,"numberOfDOAFiles":8,"doaAuthorshipCoverage":1.0}],"totalFiles":8,"coverage":0.0}]},{"path":"/src/test/java/org/apache/ibatis/cache","info":[{"busFactor":1,"significanceIndicator":"jetbrains","developers":[{"id":2,"name":"","email":"jeremylandis@hotmail.com","numberOfAuthoredFiles":0,"authorshipCoverage":0.0,"numberOfDOAFiles":10,"doaAuthorshipCoverage":1.0}],"totalFiles":10,"coverage":0.0},{"busFactor":1,"significanceIndicator":"pageRank","developers":[{"id":2,"name":"","email":"jeremylandis@hotmail.com","numberOfAuthoredFiles":0,"authorshipCoverage":0.0,"numberOfDOAFiles":10,"doaAuthorshipCoverage":1.0}],"totalFiles":10,"coverage":0.0},{"busFactor":1,"significanceIndicator":"degreeCentrality","developers":[{"id":2,"name":"","email":"jeremylandis@hotmail.com","numberOfAuthoredFiles":0,"authorshipCoverage":0.0,"numberOfDOAFiles":10,"doaAuthorshipCoverage":1.0000000000000002}],"totalFiles":10,"coverage":-2.220446049250313E-16},{"busFactor":0,"significanceIndicator":"inDegreeCentrality","developers":[],"totalFiles":10,"coverage":1.0},{"busFactor":1,"significanceIndicator":"outDegreeCentrality","developers":[{"id":2,"name":"","email":"jeremylandis@hotmail.com","numberOfAuthoredFiles":0,"authorshipCoverage":0.0,"numberOfDOAFiles":10,"doaAuthorshipCoverage":1.0000000000000002}],"totalFiles":10,"coverage":-2.220446049250313E-16},{"busFactor":0,"significanceIndicator":"betweennessCentrality","developers":[],"totalFiles":10,"coverage":1.0}]},{"path":"/src/test/java/org/apache/ibatis/submitted/cache","info":[{"busFactor":1,"significanceIndicator":"jetbrains","developers":[{"id":2,"name":"","email":"jeremylandis@hotmail.com","numberOfAuthoredFiles":0,"authorshipCoverage":0.0,"numberOfDOAFiles":7,"doaAuthorshipCoverage":1.0}],"totalFiles":7,"coverage":0.0},{"busFactor":1,"significanceIndicator":"pageRank","developers":[{"id":2,"name":"","email":"jeremylandis@hotmail.com","numberOfAuthoredFiles":0,"authorshipCoverage":0.0,"numberOfDOAFiles":7,"doaAuthorshipCoverage":0.9999999999999998}],"totalFiles":7,"coverage":2.220446049250313E-16},{"busFactor":1,"significanceIndicator":"degreeCentrality","developers":[{"id":2,"name":"","email":"jeremylandis@hotmail.com","numberOfAuthoredFiles":0,"authorshipCoverage":0.0,"numberOfDOAFiles":7,"doaAuthorshipCoverage":0.9999999999999998}],"totalFiles":7,"coverage":2.220446049250313E-16},{"busFactor":1,"significanceIndicator":"inDegreeCentrality","developers":[{"id":2,"name":"","email":"jeremylandis@hotmail.com","numberOfAuthoredFiles":0,"authorshipCoverage":0.0,"numberOfDOAFiles":7,"doaAuthorshipCoverage":1.0}],"totalFiles":7,"coverage":0.0},{"busFactor":1,"significanceIndicator":"outDegreeCentrality","developers":[{"id":2,"name":"","email":"jeremylandis@hotmail.com","numberOfAuthoredFiles":0,"authorshipCoverage":0.0,"numberOfDOAFiles":7,"doaAuthorshipCoverage":1.0000000000000002}],"totalFiles":7,"coverage":-2.220446049250313E-16},{"busFactor":1,"significanceIndicator":"betweennessCentrality","developers":[{"id":2,"name":"","email":"jeremylandis@hotmail.com","numberOfAuthoredFiles":0,"authorshipCoverage":0.0,"numberOfDOAFiles":7,"doaAuthorshipCoverage":1.0}],"totalFiles":7,"coverage":0.0}]},{"path":"/src/test/java/org/apache/ibatis/submitted/language","info":[{"busFactor":1,"significanceIndicator":"jetbrains","developers":[{"id":2,"name":"","email":"jeremylandis@hotmail.com","numberOfAuthoredFiles":0,"authorshipCoverage":0.0,"numberOfDOAFiles":7,"doaAuthorshipCoverage":1.0}],"totalFiles":7,"coverage":0.0},{"busFactor":1,"significanceIndicator":"pageRank","developers":[{"id":2,"name":"","email":"jeremylandis@hotmail.com","numberOfAuthoredFiles":0,"authorshipCoverage":0.0,"numberOfDOAFiles":7,"doaAuthorshipCoverage":1.0000000000000002}],"totalFiles":7,"coverage":-2.220446049250313E-16},{"busFactor":1,"significanceIndicator":"degreeCentrality","developers":[{"id":2,"name":"","email":"jeremylandis@hotmail.com","numberOfAuthoredFiles":0,"authorshipCoverage":0.0,"numberOfDOAFiles":7,"doaAuthorshipCoverage":0.9999999999999998}],"totalFiles":7,"coverage":2.220446049250313E-16},{"busFactor":1,"significanceIndicator":"inDegreeCentrality","developers":[{"id":2,"name":"","email":"jeremylandis@hotmail.com","numberOfAuthoredFiles":0,"authorshipCoverage":0.0,"numberOfDOAFiles":7,"doaAuthorshipCoverage":1.0}],"totalFiles":7,"coverage":0.0},{"busFactor":1,"significanceIndicator":"outDegreeCentrality","developers":[{"id":2,"name":"","email":"jeremylandis@hotmail.com","numberOfAuthoredFiles":0,"authorshipCoverage":0.0,"numberOfDOAFiles":7,"doaAuthorshipCoverage":0.9999999999999999}],"totalFiles":7,"coverage":1.1102230246251565E-16},{"busFactor":1,"significanceIndicator":"betweennessCentrality","developers":[{"id":2,"name":"","email":"jeremylandis@hotmail.com","numberOfAuthoredFiles":0,"authorshipCoverage":0.0,"numberOfDOAFiles":7,"doaAuthorshipCoverage":1.0000000000000002}],"totalFiles":7,"coverage":-2.220446049250313E-16}]},{"path":"/src/site","info":[{"busFactor":1,"significanceIndicator":"jetbrains","developers":[{"id":2,"name":"","email":"jeremylandis@hotmail.com","numberOfAuthoredFiles":0,"authorshipCoverage":0.0,"numberOfDOAFiles":6,"doaAuthorshipCoverage":1.0}],"totalFiles":60,"coverage":0.0},{"busFactor":0,"significanceIndicator":"pageRank","developers":[],"totalFiles":60,"coverage":1.0},{"busFactor":0,"significanceIndicator":"degreeCentrality","developers":[],"totalFiles":60,"coverage":1.0},{"busFactor":0,"significanceIndicator":"inDegreeCentrality","developers":[],"totalFiles":60,"coverage":1.0},{"busFactor":0,"significanceIndicator":"outDegreeCentrality","developers":[],"totalFiles":60,"coverage":1.0},{"busFactor":0,"significanceIndicator":"betweennessCentrality","developers":[],"totalFiles":60,"coverage":1.0}]}]